BorrowID,BookID,MemberID,BorrowDate,DueDate,ReturnDate
1,20,915,2025-12-02,2025-12-16,2025-12-20
2,82,493,2024-07-18,2024-08-01,2024-07-24
3,61,820,2024-02-06,2024-02-20,2024-02-19
4,65,884,2024-11-05,2024-11-19,2024-11-11
5,79,949,2024-06-30,2024-07-14,2024-07-04
6,15,692,2024-09-19,2024-10-03,2024-09-22
7,37,930,2025-02-16,2025-03-02,
8,89,365,2025-04-04,2025-04-18,2025-04-17
9,70,412,2025-10-28,2025-11-11,
10,41,948,2024-05-10,2024-05-24,2024-05-30
11,55,840,2025-04-06,2025-04-20,2025-04-12
12,52,190,2024-11-02,2024-11-16,2024-11-17
13,11,375,2024-09-19,2024-10-03,
14,79,5,2024-02-04,2024-02-18,2024-02-23
15,75,368,2024-12-11,2024-12-25,2024-12-23
16,78,257,2025-01-11,2025-01-25,2025-01-27
17,35,203,2025-05-02,2025-05-16,
18,71,530,2025-10-21,2025-11-04,2025-11-10
19,37,379,2025-03-30,2025-04-13,2025-04-04
20,55,216,2025-11-16,2025-11-30,
21,36,498,2024-01-09,2024-01-23,2024-01-21
22,24,723,2025-12-26,2026-01-09,2026-01-07
23,10,699,2024-12-10,2024-12-24,2024-12-17
24,92,293,2024-09-18,2024-10-02,2024-10-01
25,35,960,2024-03-05,2024-03-19,2024-03-11
26,39,893,2024-11-19,2024-12-03,2024-11-20
27,67,655,2024-02-16,2024-03-01,2024-02-25
28,1,8,2024-12-14,2024-12-28,2024-12-29
29,11,39,2025-02-04,2025-02-18,2025-02-14
30,19,303,2024-09-26,2024-10-10,
31,36,935,2025-03-30,2025-04-13,2025-04-06
32,13,105,2025-08-04,2025-08-18,2025-08-05
33,5,718,2025-03-03,2025-03-17,2025-03-06
34,91,300,2025-07-25,2025-08-08,
35,72,315,2024-09-26,2024-10-10,2024-10-09
36,3,711,2025-10-12,2025-10-26,
37,40,506,2025-04-30,2025-05-14,2025-05-12
38,69,69,2024-07-13,2024-07-27,2024-07-17
39,94,833,2024-08-17,2024-08-31,
40,42,50,2025-11-28,2025-12-12,2025-12-01
41,1,747,2025-05-04,2025-05-18,2025-05-24
42,43,833,2024-08-04,2024-08-18,2024-08-20
43,74,646,2025-01-26,2025-02-09,
44,94,639,2024-02-01,2024-02-15,
45,87,390,2024-04-08,2024-04-22,
46,3,839,2025-07-19,2025-08-02,2025-07-28
47,13,115,2024-06-18,2024-07-02,2024-07-01
48,60,220,2024-03-27,2024-04-10,2024-04-10
49,83,463,2025-07-25,2025-08-08,2025-08-04
50,79,802,2024-01-21,2024-02-04,
51,43,682,2025-07-01,2025-07-15,2025-07-14
52,58,336,2025-09-03,2025-09-17,2025-09-21
53,17,766,2025-06-05,2025-06-19,2025-06-13
54,26,107,2024-08-07,2024-08-21,2024-08-08
55,71,596,2024-08-19,2024-09-02,2024-08-23
56,37,940,2025-06-08,2025-06-22,
57,68,256,2024-06-10,2024-06-24,
58,14,855,2024-01-21,2024-02-04,
59,89,297,2024-07-04,2024-07-18,
60,96,368,2025-04-29,2025-05-13,
61,89,845,2024-02-07,2024-02-21,2024-02-26
62,5,250,2024-09-11,2024-09-25,
63,92,107,2024-11-10,2024-11-24,2024-11-26
64,82,302,2024-01-22,2024-02-05,2024-01-24
65,28,91,2024-01-29,2024-02-12,2024-02-18
66,27,800,2025-11-30,2025-12-14,2025-12-08
67,66,408,2024-05-02,2024-05-16,
68,3,954,2025-01-11,2025-01-25,2025-01-24
69,30,444,2025-07-07,2025-07-21,2025-07-19
70,94,416,2024-07-13,2024-07-27,2024-07-29
71,26,688,2024-12-17,2024-12-31,2024-12-30
72,40,454,2024-07-15,2024-07-29,2024-07-23
73,43,819,2025-07-17,2025-07-31,2025-08-03
74,2,590,2024-02-18,2024-03-03,2024-03-07
75,17,37,2025-06-07,2025-06-21,
76,77,781,2025-10-11,2025-10-25,
77,85,540,2024-01-16,2024-01-30,
78,78,329,2024-12-30,2025-01-13,2025-01-13
79,62,755,2025-12-11,2025-12-25,2025-12-19
80,56,548,2024-09-11,2024-09-25,2024-10-01
81,49,825,2024-05-05,2024-05-19,2024-05-06
82,47,594,2025-05-13,2025-05-27,2025-06-02
83,73,479,2025-04-26,2025-05-10,
84,44,199,2024-11-03,2024-11-17,2024-11-14
85,88,699,2024-05-29,2024-06-12,2024-06-10
86,79,483,2025-11-28,2025-12-12,
87,17,742,2025-05-12,2025-05-26,
88,34,108,2024-06-08,2024-06-22,
89,39,84,2024-12-20,2025-01-03,2025-01-07
90,45,491,2024-05-31,2024-06-14,2024-06-13
91,60,533,2025-02-23,2025-03-09,2025-02-28
92,79,274,2024-03-10,2024-03-24,2024-03-11
93,59,232,2025-09-08,2025-09-22,
94,87,43,2024-06-13,2024-06-27,2024-06-15
95,68,99,2024-05-12,2024-05-26,2024-05-17
96,97,313,2024-10-14,2024-10-28,2024-10-18
97,19,205,2025-06-16,2025-06-30,2025-06-19
98,6,716,2024-10-07,2024-10-21,2024-10-21
99,36,369,2025-09-06,2025-09-20,2025-09-26
100,97,495,2025-04-17,2025-05-01,2025-04-23
101,43,983,2025-08-02,2025-08-16,2025-08-22
102,37,470,2024-05-07,2024-05-21,2024-05-20
103,62,193,2025-01-29,2025-02-12,2025-02-13
104,10,787,2025-11-12,2025-11-26,2025-12-02
105,55,795,2025-08-08,2025-08-22,2025-08-23
106,92,756,2025-05-19,2025-06-02,
107,13,592,2025-11-26,2025-12-10,2025-12-13
108,70,589,2025-06-09,2025-06-23,2025-06-22
109,68,370,2025-09-13,2025-09-27,2025-09-18
110,59,467,2025-04-06,2025-04-20,2025-04-17
111,17,184,2025-06-16,2025-06-30,
112,40,776,2025-08-14,2025-08-28,2025-09-02
113,88,455,2024-03-09,2024-03-23,2024-03-24
114,55,912,2025-01-19,2025-02-02,2025-01-29
115,57,507,2024-01-30,2024-02-13,2024-02-03
116,36,109,2025-12-03,2025-12-17,2025-12-11
117,65,339,2025-05-15,2025-05-29,2025-06-03
118,19,686,2025-08-15,2025-08-29,2025-08-22
119,28,960,2025-04-21,2025-05-05,2025-05-03
120,20,24,2024-06-03,2024-06-17,2024-06-05
121,73,561,2025-02-19,2025-03-05,2025-02-26
122,67,737,2025-11-21,2025-12-05,
123,84,320,2025-03-01,2025-03-15,2025-03-03
124,27,78,2025-06-01,2025-06-15,
125,19,389,2024-08-15,2024-08-29,
126,23,961,2025-11-10,2025-11-24,2025-11-19
127,91,642,2025-02-16,2025-03-02,2025-03-01
128,93,584,2025-05-09,2025-05-23,2025-05-27
129,52,528,2024-01-06,2024-01-20,
130,100,657,2024-10-03,2024-10-17,2024-10-05
131,68,611,2025-12-05,2025-12-19,2025-12-17
132,9,294,2025-04-26,2025-05-10,2025-05-03
133,82,160,2025-11-06,2025-11-20,2025-11-15
134,86,850,2025-09-12,2025-09-26,2025-09-30
135,40,948,2025-12-04,2025-12-18,2025-12-21
136,23,743,2025-04-01,2025-04-15,2025-04-18
137,18,34,2024-07-01,2024-07-15,2024-07-04
138,37,718,2025-10-29,2025-11-12,2025-11-18
139,100,257,2025-07-03,2025-07-17,
140,66,690,2025-02-27,2025-03-13,2025-03-10
141,23,257,2024-02-01,2024-02-15,2024-02-14
142,8,236,2025-09-22,2025-10-06,2025-10-11
143,91,25,2024-02-29,2024-03-14,2024-03-12
144,60,188,2024-12-07,2024-12-21,2024-12-23
145,51,402,2024-10-08,2024-10-22,2024-10-23
146,57,520,2024-12-25,2025-01-08,2025-01-14
147,61,977,2025-01-04,2025-01-18,2025-01-20
148,55,754,2025-11-09,2025-11-23,2025-11-22
149,41,665,2024-07-28,2024-08-11,
150,78,792,2025-08-21,2025-09-04,2025-09-07
151,59,868,2025-06-26,2025-07-10,2025-07-11
152,11,579,2025-01-23,2025-02-06,
153,58,518,2024-08-28,2024-09-11,2024-09-09
154,26,912,2025-04-02,2025-04-16,2025-04-10
155,57,560,2025-07-29,2025-08-12,2025-08-16
156,99,248,2024-01-12,2024-01-26,2024-01-16
157,67,348,2025-04-29,2025-05-13,2025-05-11
158,74,206,2024-12-12,2024-12-26,2024-12-25
159,97,770,2024-10-21,2024-11-04,2024-10-30
160,39,656,2024-06-08,2024-06-22,2024-06-23
161,59,502,2024-04-20,2024-05-04,2024-04-26
162,67,664,2024-08-28,2024-09-11,2024-09-01
163,54,748,2024-01-31,2024-02-14,
164,94,324,2024-06-04,2024-06-18,2024-06-09
165,42,231,2025-11-10,2025-11-24,2025-11-17
166,68,470,2024-08-19,2024-09-02,2024-08-21
167,61,390,2025-05-25,2025-06-08,
168,12,481,2025-10-07,2025-10-21,2025-10-27
169,66,895,2024-11-28,2024-12-12,2024-12-18
170,65,510,2025-12-03,2025-12-17,
171,24,372,2025-08-24,2025-09-07,2025-08-28
172,42,293,2025-01-10,2025-01-24,2025-01-28
173,76,964,2025-08-03,2025-08-17,2025-08-19
174,88,272,2024-10-09,2024-10-23,2024-10-25
175,73,97,2025-11-30,2025-12-14,2025-12-19
176,64,617,2024-10-21,2024-11-04,
177,67,67,2024-10-11,2024-10-25,2024-10-22
178,10,410,2024-02-26,2024-03-11,2024-03-15
179,53,684,2024-05-03,2024-05-17,
180,3,298,2024-02-26,2024-03-11,2024-03-03
181,56,171,2024-05-07,2024-05-21,2024-05-16
182,42,198,2024-12-18,2025-01-01,2024-12-31
183,48,336,2025-09-18,2025-10-02,
184,57,658,2024-07-20,2024-08-03,2024-08-04
185,72,226,2024-04-16,2024-04-30,2024-04-24
186,5,795,2025-01-09,2025-01-23,2025-01-25
187,88,404,2025-05-25,2025-06-08,
188,19,57,2025-04-16,2025-04-30,2025-04-29
189,21,167,2025-04-12,2025-04-26,2025-05-02
190,75,589,2024-07-01,2024-07-15,
191,82,836,2025-04-27,2025-05-11,2025-05-05
192,68,227,2024-08-12,2024-08-26,2024-08-17
193,54,776,2025-01-09,2025-01-23,
194,49,535,2025-12-20,2026-01-03,2025-12-26
195,47,375,2025-11-15,2025-11-29,
196,96,676,2025-11-08,2025-11-22,2025-11-10
197,2,707,2024-08-14,2024-08-28,2024-08-19
198,100,907,2025-06-14,2025-06-28,2025-06-20
199,7,979,2024-07-08,2024-07-22,2024-07-22
200,14,320,2024-03-18,2024-04-01,2024-04-07
201,70,72,2025-06-18,2025-07-02,2025-06-30
202,45,689,2025-12-24,2026-01-07,2026-01-01
203,44,155,2025-08-09,2025-08-23,2025-08-25
204,13,541,2025-03-05,2025-03-19,2025-03-10
205,89,746,2025-02-01,2025-02-15,2025-02-11
206,41,630,2025-08-31,2025-09-14,2025-09-17
207,86,842,2024-10-22,2024-11-05,
208,11,987,2025-04-23,2025-05-07,2025-05-10
209,21,126,2025-05-07,2025-05-21,2025-05-18
210,67,857,2025-10-05,2025-10-19,2025-10-22
211,56,922,2025-08-22,2025-09-05,
212,95,237,2025-12-31,2026-01-14,2026-01-02
213,93,13,2025-07-31,2025-08-14,2025-08-18
214,39,64,2024-09-16,2024-09-30,2024-10-04
215,58,644,2024-10-26,2024-11-09,2024-11-04
216,28,348,2025-08-28,2025-09-11,2025-09-02
217,73,643,2025-10-13,2025-10-27,
218,24,194,2024-06-24,2024-07-08,2024-07-10
219,72,865,2024-06-08,2024-06-22,2024-06-09
220,33,334,2024-11-25,2024-12-09,2024-12-03
221,18,946,2024-01-19,2024-02-02,2024-02-05
222,97,519,2025-08-30,2025-09-13,2025-09-03
223,73,919,2024-01-25,2024-02-08,2024-02-09
224,79,395,2025-02-08,2025-02-22,2025-02-26
225,3,549,2024-08-26,2024-09-09,2024-09-14
226,80,774,2024-09-09,2024-09-23,2024-09-19
227,59,624,2025-06-02,2025-06-16,2025-06-12
228,72,875,2025-09-02,2025-09-16,2025-09-05
229,62,211,2024-02-21,2024-03-06,2024-02-27
230,39,216,2024-09-07,2024-09-21,
231,28,749,2024-05-28,2024-06-11,
232,23,990,2025-05-31,2025-06-14,2025-06-17
233,59,213,2025-09-23,2025-10-07,2025-10-01
234,55,728,2025-01-27,2025-02-10,2025-02-09
235,35,73,2024-04-04,2024-04-18,2024-04-06
236,81,747,2025-03-14,2025-03-28,2025-04-03
237,93,691,2025-09-09,2025-09-23,
238,40,600,2024-01-24,2024-02-07,2024-01-31
239,61,368,2024-07-14,2024-07-28,2024-08-02
240,13,523,2024-08-25,2024-09-08,2024-09-02
241,90,143,2025-04-04,2025-04-18,2025-04-23
242,89,838,2024-09-06,2024-09-20,2024-09-13
243,48,225,2025-12-26,2026-01-09,2025-12-31
244,35,335,2025-09-02,2025-09-16,
245,70,244,2025-12-09,2025-12-23,2025-12-17
246,23,780,2024-07-01,2024-07-15,
247,93,748,2025-09-13,2025-09-27,2025-09-30
248,59,839,2025-02-24,2025-03-10,2025-03-12
249,77,682,2026-01-02,2026-01-16,
250,13,317,2024-05-20,2024-06-03,2024-05-28
251,75,333,2024-11-19,2024-12-03,2024-11-30
252,89,503,2024-11-03,2024-11-17,2024-11-16
253,13,392,2024-12-26,2025-01-09,2025-01-04
254,26,782,2024-07-24,2024-08-07,2024-08-03
255,4,377,2024-11-19,2024-12-03,2024-11-28
256,91,479,2025-01-30,2025-02-13,
257,14,529,2024-09-26,2024-10-10,2024-10-05
258,82,376,2024-07-11,2024-07-25,2024-07-14
259,4,925,2024-05-31,2024-06-14,2024-06-01
260,64,284,2025-03-20,2025-04-03,2025-04-07
261,81,642,2025-06-14,2025-06-28,2025-06-16
262,66,138,2024-04-22,2024-05-06,2024-05-09
263,26,144,2024-04-01,2024-04-15,2024-04-11
264,99,418,2024-04-11,2024-04-25,2024-04-28
265,61,592,2025-01-20,2025-02-03,2025-02-06
266,34,233,2025-01-28,2025-02-11,2025-02-02
267,64,807,2025-10-06,2025-10-20,2025-10-14
268,68,178,2024-02-28,2024-03-13,2024-03-03
269,61,251,2025-02-02,2025-02-16,2025-02-21
270,68,254,2025-11-16,2025-11-30,2025-11-17
271,8,248,2025-10-30,2025-11-13,2025-11-16
272,26,360,2025-08-13,2025-08-27,2025-08-24
273,97,883,2025-01-30,2025-02-13,2025-02-04
274,62,53,2024-12-31,2025-01-14,
275,20,243,2024-08-05,2024-08-19,2024-08-08
276,90,289,2024-02-21,2024-03-06,
277,72,156,2024-09-05,2024-09-19,2024-09-18
278,62,326,2024-06-24,2024-07-08,2024-06-25
279,36,813,2025-09-04,2025-09-18,
280,22,841,2024-02-22,2024-03-07,2024-03-03
281,88,308,2025-12-10,2025-12-24,2025-12-26
282,28,945,2024-11-09,2024-11-23,
283,64,705,2024-10-10,2024-10-24,
284,77,203,2024-08-29,2024-09-12,2024-09-14
285,79,841,2025-10-13,2025-10-27,2025-10-14
286,84,829,2024-07-20,2024-08-03,2024-08-04
287,98,711,2025-10-31,2025-11-14,2025-11-04
288,97,159,2024-04-10,2024-04-24,2024-04-13
289,5,960,2024-07-28,2024-08-11,
290,66,398,2025-07-02,2025-07-16,2025-07-16
291,85,583,2025-04-17,2025-05-01,2025-04-19
292,44,141,2025-08-18,2025-09-01,2025-08-28
293,11,466,2024-09-10,2024-09-24,2024-09-19
294,100,942,2025-06-06,2025-06-20,2025-06-15
295,11,674,2025-09-08,2025-09-22,2025-09-09
296,91,301,2025-12-25,2026-01-08,2026-01-05
297,23,468,2025-05-03,2025-05-17,2025-05-06
298,27,31,2025-09-19,2025-10-03,2025-09-26
299,27,421,2025-05-17,2025-05-31,2025-05-20
300,90,646,2025-02-28,2025-03-14,2025-03-01
301,24,615,2025-10-19,2025-11-02,
302,95,904,2025-02-03,2025-02-17,2025-02-04
303,57,316,2025-02-16,2025-03-02,
304,96,280,2024-12-24,2025-01-07,2025-01-01
305,24,788,2024-08-02,2024-08-16,2024-08-12
306,49,55,2024-04-20,2024-05-04,2024-04-30
307,21,601,2025-08-23,2025-09-06,2025-09-10
308,75,524,2024-06-26,2024-07-10,2024-06-30
309,25,965,2025-01-10,2025-01-24,
310,10,406,2025-09-30,2025-10-14,2025-10-01
311,1,423,2025-11-16,2025-11-30,2025-12-03
312,75,942,2024-08-27,2024-09-10,2024-09-01
313,11,687,2025-12-03,2025-12-17,2025-12-12
314,15,132,2025-04-02,2025-04-16,2025-04-18
315,82,176,2025-11-06,2025-11-20,2025-11-19
316,77,595,2025-02-09,2025-02-23,
317,61,987,2025-09-18,2025-10-02,2025-09-23
318,72,753,2024-03-17,2024-03-31,
319,40,653,2025-10-27,2025-11-10,2025-11-06
320,94,658,2024-09-21,2024-10-05,2024-09-29
321,18,400,2024-02-22,2024-03-07,
322,14,796,2024-06-10,2024-06-24,2024-06-28
323,25,453,2024-09-09,2024-09-23,2024-09-25
324,94,102,2024-09-25,2024-10-09,2024-09-28
325,22,834,2025-05-16,2025-05-30,
326,90,761,2024-09-20,2024-10-04,
327,51,111,2025-01-04,2025-01-18,2025-01-11
328,72,272,2025-12-07,2025-12-21,2025-12-22
329,27,425,2024-01-08,2024-01-22,
330,99,156,2024-11-05,2024-11-19,2024-11-22
331,14,766,2025-08-07,2025-08-21,2025-08-13
332,2,599,2024-10-25,2024-11-08,2024-11-14
333,2,262,2025-04-28,2025-05-12,
334,89,2,2025-03-09,2025-03-23,2025-03-14
335,52,67,2025-04-28,2025-05-12,2025-05-14
336,79,816,2024-07-08,2024-07-22,2024-07-11
337,79,117,2024-09-15,2024-09-29,
338,42,270,2024-02-08,2024-02-22,2024-02-12
339,83,155,2024-01-30,2024-02-13,2024-02-03
340,14,81,2025-01-14,2025-01-28,2025-01-27
341,70,909,2024-03-09,2024-03-23,2024-03-26
342,87,796,2024-10-18,2024-11-01,2024-10-31
343,57,595,2024-06-07,2024-06-21,2024-06-10
344,34,431,2024-10-17,2024-10-31,2024-10-26
345,31,667,2024-04-27,2024-05-11,2024-05-11
346,92,985,2024-03-05,2024-03-19,2024-03-09
347,96,641,2024-09-28,2024-10-12,2024-10-13
348,86,408,2024-03-16,2024-03-30,2024-04-04
349,19,718,2024-09-13,2024-09-27,2024-10-02
350,77,510,2024-10-18,2024-11-01,2024-10-26
351,23,640,2025-03-19,2025-04-02,2025-03-25
352,99,683,2025-01-30,2025-02-13,2025-02-08
353,56,626,2025-08-17,2025-08-31,2025-09-01
354,38,677,2024-01-13,2024-01-27,2024-01-15
355,50,877,2024-11-21,2024-12-05,2024-11-28
356,23,283,2024-11-26,2024-12-10,2024-12-08
357,74,16,2024-10-01,2024-10-15,2024-10-18
358,64,922,2024-10-26,2024-11-09,2024-11-14
359,31,692,2024-05-15,2024-05-29,2024-05-27
360,73,495,2025-06-12,2025-06-26,2025-06-21
361,95,278,2024-09-14,2024-09-28,2024-10-04
362,11,89,2024-08-13,2024-08-27,2024-09-02
363,66,117,2025-08-19,2025-09-02,2025-09-07
364,13,836,2025-12-23,2026-01-06,2026-01-02
365,35,874,2025-02-08,2025-02-22,2025-02-19
366,89,553,2024-06-02,2024-06-16,2024-06-09
367,90,45,2025-06-12,2025-06-26,
368,98,914,2024-03-07,2024-03-21,
369,82,748,2025-05-07,2025-05-21,2025-05-09
370,26,814,2024-12-08,2024-12-22,2024-12-14
371,14,69,2025-05-10,2025-05-24,2025-05-29
372,28,546,2024-01-16,2024-01-30,
373,6,61,2024-10-16,2024-10-30,2024-11-05
374,87,670,2024-01-17,2024-01-31,2024-02-05
375,59,919,2024-06-22,2024-07-06,2024-07-06
376,13,368,2024-04-26,2024-05-10,2024-05-06
377,20,404,2024-05-17,2024-05-31,2024-05-21
378,27,703,2025-08-11,2025-08-25,2025-08-18
379,73,935,2024-12-19,2025-01-02,2024-12-31
380,23,352,2024-01-27,2024-02-10,2024-02-03
381,27,717,2025-08-16,2025-08-30,
382,7,216,2024-09-29,2024-10-13,2024-10-03
383,10,248,2025-06-27,2025-07-11,2025-07-04
384,73,141,2025-10-31,2025-11-14,
385,19,314,2024-11-21,2024-12-05,2024-11-30
386,92,529,2025-09-21,2025-10-05,2025-10-11
387,10,710,2025-05-12,2025-05-26,2025-05-30
388,30,395,2025-08-11,2025-08-25,2025-08-16
389,70,852,2024-08-20,2024-09-03,2024-09-07
390,18,67,2025-05-04,2025-05-18,2025-05-08
391,47,295,2024-09-08,2024-09-22,2024-09-17
392,58,932,2024-01-22,2024-02-05,2024-02-10
393,72,681,2025-07-19,2025-08-02,2025-07-26
394,28,991,2025-10-25,2025-11-08,2025-11-06
395,44,733,2025-01-26,2025-02-09,2025-02-09
396,61,372,2025-09-23,2025-10-07,2025-10-08
397,19,3,2024-11-29,2024-12-13,2024-12-09
398,6,685,2024-08-31,2024-09-14,2024-09-03
399,58,990,2024-08-28,2024-09-11,2024-09-12
400,14,629,2025-10-05,2025-10-19,2025-10-15
401,45,453,2024-07-06,2024-07-20,2024-07-21
402,36,648,2025-01-02,2025-01-16,2025-01-17
403,10,875,2025-05-05,2025-05-19,2025-05-08
404,33,349,2024-03-25,2024-04-08,2024-03-27
405,64,720,2025-05-11,2025-05-25,2025-05-26
406,3,971,2025-10-04,2025-10-18,2025-10-24
407,44,993,2024-02-29,2024-03-14,2024-03-15
408,8,392,2025-11-16,2025-11-30,
409,8,965,2025-03-08,2025-03-22,2025-03-11
410,5,698,2024-10-29,2024-11-12,2024-11-03
411,57,632,2024-06-02,2024-06-16,
412,65,134,2025-02-13,2025-02-27,2025-03-02
413,66,653,2025-12-24,2026-01-07,
414,53,651,2025-01-24,2025-02-07,
415,31,190,2025-02-11,2025-02-25,2025-02-20
416,28,465,2024-02-06,2024-02-20,2024-02-25
417,36,539,2025-02-13,2025-02-27,2025-02-18
418,27,202,2025-09-09,2025-09-23,
419,21,43,2025-04-28,2025-05-12,
420,90,779,2024-03-26,2024-04-09,2024-04-10
421,51,64,2025-05-12,2025-05-26,2025-05-20
422,71,489,2024-10-25,2024-11-08,2024-10-29
423,43,653,2024-12-20,2025-01-03,2025-01-04
424,66,886,2025-01-12,2025-01-26,2025-01-29
425,76,814,2025-07-21,2025-08-04,
426,6,507,2025-05-19,2025-06-02,2025-05-29
427,94,971,2025-04-12,2025-04-26,
428,20,836,2024-06-22,2024-07-06,
429,80,106,2024-09-18,2024-10-02,
430,52,379,2024-09-21,2024-10-05,2024-09-22
431,88,92,2024-05-04,2024-05-18,
432,99,128,2025-09-09,2025-09-23,2025-09-20
433,14,774,2024-10-29,2024-11-12,
434,91,299,2024-10-01,2024-10-15,2024-10-19
435,5,854,2025-04-25,2025-05-09,
436,84,599,2025-07-18,2025-08-01,
437,6,822,2024-08-18,2024-09-01,2024-08-24
438,30,56,2025-08-26,2025-09-09,2025-09-04
439,76,610,2024-05-06,2024-05-20,2024-05-12
440,18,54,2024-09-28,2024-10-12,2024-10-15
441,100,609,2025-03-23,2025-04-06,
442,24,795,2024-11-27,2024-12-11,2024-12-16
443,90,456,2025-10-08,2025-10-22,2025-10-09
444,46,279,2024-03-02,2024-03-16,2024-03-19
445,68,742,2025-05-04,2025-05-18,
446,83,363,2024-06-04,2024-06-18,2024-06-09
447,81,66,2024-09-30,2024-10-14,2024-10-09
448,42,310,2024-11-27,2024-12-11,2024-12-16
449,43,62,2025-07-03,2025-07-17,
450,92,255,2024-03-02,2024-03-16,
451,83,978,2025-09-01,2025-09-15,2025-09-18
452,8,170,2025-08-13,2025-08-27,
453,69,353,2025-07-10,2025-07-24,2025-07-29
454,85,143,2024-12-07,2024-12-21,2024-12-20
455,68,300,2024-08-08,2024-08-22,
456,16,577,2025-09-03,2025-09-17,2025-09-21
457,56,740,2024-09-13,2024-09-27,
458,13,476,2025-12-19,2026-01-02,2026-01-07
459,3,432,2024-08-10,2024-08-24,2024-08-30
460,44,253,2025-05-16,2025-05-30,
461,71,545,2024-05-24,2024-06-07,2024-06-05
462,95,565,2024-03-28,2024-04-11,2024-04-12
463,1,256,2024-12-27,2025-01-10,
464,29,569,2024-12-05,2024-12-19,2024-12-16
465,16,644,2025-12-01,2025-12-15,2025-12-13
466,67,151,2024-12-28,2025-01-11,
467,6,231,2025-01-17,2025-01-31,2025-02-01
468,92,413,2025-10-18,2025-11-01,
469,99,844,2025-10-02,2025-10-16,2025-10-09
470,92,350,2025-10-08,2025-10-22,
471,24,107,2024-05-07,2024-05-21,2024-05-12
472,26,5,2024-12-13,2024-12-27,2025-01-01
473,58,332,2024-05-13,2024-05-27,2024-05-23
474,17,960,2025-12-29,2026-01-12,2026-01-18
475,16,774,2025-12-07,2025-12-21,2025-12-27
476,9,686,2024-12-29,2025-01-12,2025-01-03
477,93,6,2024-03-09,2024-03-23,
478,91,955,2024-04-16,2024-04-30,2024-04-22
479,76,569,2025-01-25,2025-02-08,2025-01-30
480,46,443,2025-08-10,2025-08-24,2025-08-24
481,44,459,2025-06-07,2025-06-21,2025-06-13
482,4,819,2024-06-14,2024-06-28,2024-06-29
483,97,149,2024-06-18,2024-07-02,2024-07-02
484,32,134,2025-09-20,2025-10-04,2025-10-03
485,99,683,2025-11-12,2025-11-26,2025-11-28
486,71,180,2024-02-10,2024-02-24,2024-02-12
487,7,379,2024-04-23,2024-05-07,
488,35,170,2025-01-06,2025-01-20,
489,17,266,2025-09-06,2025-09-20,2025-09-12
490,30,481,2025-08-19,2025-09-02,2025-09-04
491,48,822,2025-05-24,2025-06-07,2025-05-27
492,32,662,2025-11-23,2025-12-07,2025-12-09
493,53,343,2024-06-02,2024-06-16,2024-06-04
494,99,393,2025-09-30,2025-10-14,2025-10-19
495,71,641,2024-05-19,2024-06-02,2024-05-22
496,72,171,2025-05-31,2025-06-14,2025-06-20
497,29,319,2026-01-03,2026-01-17,2026-01-12
498,8,322,2024-05-11,2024-05-25,
499,36,157,2024-12-10,2024-12-24,2024-12-21
500,57,138,2025-11-08,2025-11-22,2025-11-17
501,25,813,2025-12-14,2025-12-28,2025-12-25
502,33,464,2024-04-18,2024-05-02,2024-04-30
503,44,439,2025-09-14,2025-09-28,2025-09-27
504,83,816,2025-12-08,2025-12-22,2025-12-22
505,86,667,2024-02-23,2024-03-08,2024-02-25
506,58,972,2025-04-16,2025-04-30,2025-04-18
507,52,50,2024-03-05,2024-03-19,2024-03-07
508,73,344,2025-01-27,2025-02-10,2025-02-12
509,98,984,2024-06-05,2024-06-19,2024-06-21
510,99,215,2024-12-02,2024-12-16,
511,74,486,2025-07-21,2025-08-04,2025-07-24
512,61,875,2024-05-14,2024-05-28,
513,61,95,2024-02-02,2024-02-16,
514,22,8,2024-09-07,2024-09-21,2024-09-16
515,82,201,2024-09-13,2024-09-27,2024-09-21
516,83,354,2024-09-26,2024-10-10,2024-10-05
517,59,53,2024-07-10,2024-07-24,2024-07-19
518,89,398,2025-11-15,2025-11-29,2025-12-05
519,12,103,2024-04-24,2024-05-08,2024-05-09
520,99,285,2025-06-05,2025-06-19,
521,26,61,2025-05-05,2025-05-19,
522,25,131,2025-11-06,2025-11-20,2025-11-10
523,89,687,2025-09-25,2025-10-09,
524,47,592,2025-01-07,2025-01-21,2025-01-13
525,90,891,2025-03-29,2025-04-12,
526,3,703,2024-12-24,2025-01-07,2025-01-08
527,64,14,2025-12-11,2025-12-25,2025-12-25
528,5,106,2025-01-15,2025-01-29,2025-01-17
529,97,167,2025-07-23,2025-08-06,2025-08-08
530,12,668,2025-02-25,2025-03-11,2025-03-17
531,16,474,2025-07-09,2025-07-23,2025-07-23
532,91,4,2024-10-30,2024-11-13,2024-11-01
533,89,245,2025-01-22,2025-02-05,2025-02-09
534,50,74,2026-01-01,2026-01-15,2026-01-04
535,94,985,2024-12-01,2024-12-15,2024-12-20
536,24,901,2025-09-17,2025-10-01,2025-09-30
537,16,992,2025-08-07,2025-08-21,2025-08-17
538,10,792,2024-07-17,2024-07-31,2024-07-19
539,16,684,2025-03-17,2025-03-31,2025-03-24
540,9,276,2024-03-03,2024-03-17,2024-03-07
541,57,199,2025-02-15,2025-03-01,
542,86,187,2024-12-02,2024-12-16,2024-12-10
543,45,360,2024-08-26,2024-09-09,2024-09-06
544,17,820,2024-07-03,2024-07-17,2024-07-10
545,54,46,2025-09-01,2025-09-15,2025-09-16
546,54,744,2025-10-28,2025-11-11,2025-11-03
547,49,309,2025-06-22,2025-07-06,2025-07-10
548,3,901,2025-01-19,2025-02-02,2025-02-03
549,94,844,2024-07-05,2024-07-19,
550,32,415,2024-11-23,2024-12-07,
551,20,585,2025-02-09,2025-02-23,2025-02-26
552,36,250,2024-11-07,2024-11-21,
553,12,438,2025-12-25,2026-01-08,2026-01-13
554,33,158,2025-12-06,2025-12-20,2025-12-10
555,21,995,2024-11-20,2024-12-04,
556,67,982,2024-01-23,2024-02-06,2024-02-06
557,52,689,2024-09-15,2024-09-29,
558,4,558,2025-12-13,2025-12-27,2025-12-31
559,26,186,2024-01-10,2024-01-24,2024-01-14
560,51,829,2024-04-15,2024-04-29,
561,29,792,2025-02-07,2025-02-21,2025-02-20
562,79,125,2025-04-13,2025-04-27,2025-04-15
563,87,901,2024-12-24,2025-01-07,
564,58,309,2024-04-26,2024-05-10,2024-05-06
565,11,143,2024-09-11,2024-09-25,2024-09-22
566,94,140,2024-12-13,2024-12-27,2024-12-23
567,27,536,2024-08-16,2024-08-30,2024-09-04
568,29,107,2025-01-04,2025-01-18,2025-01-23
569,38,272,2024-05-06,2024-05-20,2024-05-26
570,37,528,2025-04-05,2025-04-19,2025-04-07
571,75,772,2025-10-18,2025-11-01,
572,84,291,2025-02-17,2025-03-03,2025-03-07
573,17,427,2025-03-14,2025-03-28,2025-04-02
574,2,196,2024-03-15,2024-03-29,2024-03-16
575,28,899,2025-05-17,2025-05-31,2025-06-04
576,67,988,2024-07-17,2024-07-31,
577,88,8,2025-11-04,2025-11-18,2025-11-22
578,14,121,2025-07-27,2025-08-10,2025-08-14
579,12,162,2024-03-17,2024-03-31,2024-04-02
580,25,392,2024-06-15,2024-06-29,2024-06-28
581,20,143,2025-08-02,2025-08-16,
582,67,536,2025-11-27,2025-12-11,2025-12-07
583,52,356,2025-06-12,2025-06-26,2025-07-02
584,31,500,2025-02-11,2025-02-25,
585,54,469,2025-05-02,2025-05-16,2025-05-20
586,49,777,2024-11-25,2024-12-09,2024-12-11
587,4,914,2025-04-17,2025-05-01,2025-05-02
588,99,649,2024-07-01,2024-07-15,2024-07-05
589,67,497,2025-03-01,2025-03-15,2025-03-21
590,81,995,2025-02-04,2025-02-18,2025-02-05
591,75,578,2025-08-19,2025-09-02,2025-08-22
592,96,242,2025-03-28,2025-04-11,2025-04-16
593,25,673,2025-09-30,2025-10-14,2025-10-01
594,70,441,2025-05-25,2025-06-08,2025-05-30
595,8,505,2025-03-13,2025-03-27,2025-03-31
596,94,954,2025-12-30,2026-01-13,
597,63,827,2024-04-25,2024-05-09,2024-05-15
598,74,151,2024-01-25,2024-02-08,2024-02-12
599,84,27,2025-07-22,2025-08-05,2025-07-29
600,36,213,2025-01-29,2025-02-12,2025-02-02
601,12,313,2024-06-14,2024-06-28,
602,49,102,2025-08-14,2025-08-28,2025-08-15
603,96,158,2024-07-29,2024-08-12,2024-08-12
604,29,314,2024-10-01,2024-10-15,
605,53,564,2024-06-11,2024-06-25,2024-06-26
606,97,815,2024-02-13,2024-02-27,2024-03-04
607,60,285,2025-08-27,2025-09-10,2025-08-30
608,81,612,2024-05-15,2024-05-29,2024-05-17
609,41,102,2025-11-06,2025-11-20,2025-11-15
610,81,495,2024-09-15,2024-09-29,2024-09-25
611,100,416,2024-11-03,2024-11-17,2024-11-22
612,87,416,2025-05-02,2025-05-16,2025-05-10
613,17,386,2024-03-21,2024-04-04,
614,91,296,2025-03-09,2025-03-23,2025-03-17
615,90,708,2024-02-03,2024-02-17,2024-02-13
616,60,873,2024-04-22,2024-05-06,2024-05-08
617,13,976,2024-12-22,2025-01-05,
618,8,570,2024-08-21,2024-09-04,2024-09-08
619,77,17,2024-06-06,2024-06-20,2024-06-20
620,74,812,2025-07-14,2025-07-28,2025-07-20
621,9,387,2024-10-21,2024-11-04,2024-10-25
622,9,777,2024-04-28,2024-05-12,2024-05-15
623,27,962,2024-12-19,2025-01-02,2025-01-03
624,36,772,2024-06-24,2024-07-08,2024-07-08
625,21,21,2024-02-09,2024-02-23,2024-02-26
626,6,726,2025-01-02,2025-01-16,2025-01-03
627,76,281,2024-06-10,2024-06-24,
628,26,488,2025-08-30,2025-09-13,2025-09-09
629,33,383,2025-11-10,2025-11-24,2025-11-12
630,60,23,2024-01-27,2024-02-10,2024-02-16
631,40,272,2024-07-18,2024-08-01,
632,3,20,2025-02-22,2025-03-08,
633,39,922,2025-12-29,2026-01-12,2025-12-30
634,92,321,2024-07-07,2024-07-21,2024-07-26
635,31,787,2024-10-12,2024-10-26,
636,72,282,2025-03-04,2025-03-18,2025-03-13
637,17,328,2025-05-27,2025-06-10,
638,40,340,2024-08-29,2024-09-12,2024-09-17
639,37,21,2025-06-25,2025-07-09,2025-07-01
640,95,258,2024-04-17,2024-05-01,
641,18,503,2025-02-14,2025-02-28,2025-03-03
642,87,932,2024-10-23,2024-11-06,2024-10-24
643,98,148,2025-02-01,2025-02-15,2025-02-14
644,91,20,2025-05-15,2025-05-29,2025-05-20
645,13,582,2025-09-05,2025-09-19,
646,65,663,2025-10-24,2025-11-07,
647,74,490,2024-01-28,2024-02-11,2024-01-29
648,90,963,2024-07-11,2024-07-25,
649,95,76,2024-01-18,2024-02-01,2024-02-04
650,24,8,2024-02-22,2024-03-07,2024-02-26
651,64,500,2025-07-07,2025-07-21,2025-07-15
652,15,252,2024-08-19,2024-09-02,2024-08-20
653,43,382,2024-06-12,2024-06-26,2024-06-13
654,15,227,2024-02-11,2024-02-25,2024-02-26
655,2,735,2025-08-14,2025-08-28,2025-08-26
656,89,500,2026-01-05,2026-01-19,2026-01-11
657,18,826,2025-12-10,2025-12-24,2025-12-30
658,11,593,2024-11-30,2024-12-14,2024-12-12
659,42,205,2025-07-11,2025-07-25,2025-07-28
660,65,154,2025-01-28,2025-02-11,2025-02-05
661,85,430,2025-09-23,2025-10-07,2025-10-08
662,52,806,2024-03-01,2024-03-15,2024-03-05
663,65,701,2024-04-16,2024-04-30,2024-04-28
664,59,298,2025-05-11,2025-05-25,2025-05-20
665,78,396,2025-04-29,2025-05-13,2025-05-19
666,11,447,2025-11-02,2025-11-16,
667,69,23,2025-05-01,2025-05-15,2025-05-11
668,44,76,2025-02-07,2025-02-21,2025-02-19
669,90,865,2025-12-15,2025-12-29,2026-01-02
670,43,826,2025-01-11,2025-01-25,2025-01-25
671,15,43,2025-03-10,2025-03-24,2025-03-24
672,58,35,2025-05-31,2025-06-14,2025-06-04
673,100,421,2025-03-21,2025-04-04,2025-04-07
674,79,890,2024-06-30,2024-07-14,2024-07-11
675,96,502,2025-01-09,2025-01-23,2025-01-25
676,6,893,2025-06-16,2025-06-30,2025-06-30
677,28,641,2025-12-23,2026-01-06,2026-01-11
678,27,495,2025-04-09,2025-04-23,2025-04-19
679,23,888,2025-03-03,2025-03-17,2025-03-21
680,51,486,2024-04-07,2024-04-21,2024-04-14
681,63,966,2025-08-23,2025-09-06,2025-08-26
682,7,148,2025-03-21,2025-04-04,2025-03-30
683,38,389,2024-11-29,2024-12-13,
684,32,295,2024-11-30,2024-12-14,2024-12-13
685,58,530,2025-05-04,2025-05-18,2025-05-10
686,66,152,2025-10-19,2025-11-02,2025-11-04
687,24,423,2025-01-31,2025-02-14,2025-02-07
688,1,363,2025-02-04,2025-02-18,2025-02-24
689,21,49,2024-08-29,2024-09-12,2024-09-10
690,29,634,2024-12-02,2024-12-16,2024-12-20
691,15,754,2024-03-22,2024-04-05,2024-03-27
692,100,781,2024-03-11,2024-03-25,2024-03-31
693,34,937,2025-04-23,2025-05-07,
694,94,827,2024-10-21,2024-11-04,2024-11-06
695,93,660,2024-02-10,2024-02-24,2024-02-13
696,86,240,2024-06-05,2024-06-19,2024-06-06
697,27,151,2025-10-18,2025-11-01,
698,29,475,2024-08-12,2024-08-26,2024-08-30
699,60,49,2024-10-03,2024-10-17,2024-10-22
700,30,580,2025-12-04,2025-12-18,2025-12-13
701,8,255,2024-05-29,2024-06-12,2024-06-09
702,19,965,2025-06-12,2025-06-26,2025-06-28
703,23,33,2024-03-20,2024-04-03,2024-04-09
704,37,83,2024-01-08,2024-01-22,2024-01-14
705,64,992,2025-06-30,2025-07-14,
706,76,570,2025-10-06,2025-10-20,2025-10-26
707,97,586,2025-07-28,2025-08-11,2025-08-12
708,85,408,2025-03-21,2025-04-04,2025-03-28
709,28,742,2025-04-10,2025-04-24,
710,43,71,2024-03-17,2024-03-31,2024-04-02
711,41,604,2025-01-21,2025-02-04,2025-01-28
712,13,688,2025-10-12,2025-10-26,2025-10-27
713,62,39,2025-11-04,2025-11-18,
714,48,267,2025-03-30,2025-04-13,
715,14,886,2025-07-05,2025-07-19,2025-07-11
716,26,136,2025-07-13,2025-07-27,2025-07-21
717,29,733,2025-04-25,2025-05-09,
718,30,143,2025-04-09,2025-04-23,
719,67,894,2025-05-22,2025-06-05,2025-06-07
720,47,22,2024-06-07,2024-06-21,2024-06-17
721,29,613,2025-03-16,2025-03-30,
722,82,102,2025-12-24,2026-01-07,2026-01-06
723,73,181,2025-01-08,2025-01-22,2025-01-15
724,14,52,2025-12-18,2026-01-01,2025-12-20
725,68,838,2024-06-19,2024-07-03,
726,7,430,2025-03-20,2025-04-03,2025-04-09
727,32,396,2024-07-03,2024-07-17,2024-07-11
728,14,989,2025-08-03,2025-08-17,2025-08-21
729,48,855,2025-09-18,2025-10-02,2025-09-23
730,30,862,2025-04-01,2025-04-15,2025-04-12
731,64,203,2025-06-02,2025-06-16,
732,8,648,2025-02-16,2025-03-02,2025-03-06
733,13,421,2025-05-18,2025-06-01,2025-05-30
734,44,88,2024-12-04,2024-12-18,2024-12-05
735,67,422,2024-08-01,2024-08-15,2024-08-18
736,61,998,2024-08-31,2024-09-14,2024-09-20
737,28,923,2025-01-22,2025-02-05,2025-02-02
738,46,75,2025-10-05,2025-10-19,
739,61,670,2025-11-07,2025-11-21,2025-11-11
740,12,753,2025-04-24,2025-05-08,2025-05-02
741,70,821,2025-08-08,2025-08-22,2025-08-09
742,89,595,2025-06-16,2025-06-30,
743,67,259,2024-03-02,2024-03-16,2024-03-19
744,9,853,2025-02-13,2025-02-27,2025-02-21
745,40,24,2024-02-29,2024-03-14,2024-03-19
746,43,308,2024-05-08,2024-05-22,
747,59,442,2024-08-24,2024-09-07,2024-09-01
748,31,491,2024-03-29,2024-04-12,
749,9,715,2024-11-09,2024-11-23,2024-11-10
750,59,876,2025-10-06,2025-10-20,2025-10-11
751,82,609,2025-03-03,2025-03-17,2025-03-05
752,76,93,2025-10-23,2025-11-06,2025-11-03
753,26,704,2024-08-16,2024-08-30,2024-08-28
754,71,514,2025-10-02,2025-10-16,2025-10-08
755,10,816,2025-02-26,2025-03-12,2025-03-05
756,11,937,2025-11-08,2025-11-22,2025-11-23
757,73,913,2024-12-12,2024-12-26,2024-12-25
758,66,345,2024-01-23,2024-02-06,2024-02-08
759,26,488,2025-09-24,2025-10-08,2025-10-13
760,45,808,2024-10-23,2024-11-06,2024-10-30
761,40,926,2025-03-17,2025-03-31,2025-03-20
762,4,699,2024-07-06,2024-07-20,2024-07-18
763,76,610,2024-12-20,2025-01-03,
764,79,390,2026-01-01,2026-01-15,
765,5,629,2024-06-16,2024-06-30,2024-07-06
766,18,724,2025-12-15,2025-12-29,2025-12-20
767,13,344,2024-03-04,2024-03-18,2024-03-20
768,46,168,2024-11-26,2024-12-10,2024-12-10
769,58,481,2026-01-02,2026-01-16,2026-01-05
770,1,617,2025-09-09,2025-09-23,2025-09-16
771,98,277,2025-05-31,2025-06-14,
772,87,608,2024-04-16,2024-04-30,
773,79,72,2025-11-06,2025-11-20,
774,91,336,2025-12-10,2025-12-24,2025-12-26
775,59,846,2025-07-27,2025-08-10,2025-08-13
776,51,236,2024-11-20,2024-12-04,2024-11-21
777,98,840,2024-03-24,2024-04-07,2024-04-05
778,71,262,2024-04-23,2024-05-07,2024-05-09
779,27,828,2024-06-08,2024-06-22,2024-06-17
780,36,185,2024-06-04,2024-06-18,2024-06-24
781,35,500,2025-12-31,2026-01-14,
782,25,508,2025-02-24,2025-03-10,
783,46,359,2024-12-12,2024-12-26,2024-12-16
784,86,749,2025-05-13,2025-05-27,2025-06-01
785,84,389,2025-09-08,2025-09-22,
786,90,734,2025-01-21,2025-02-04,2025-02-04
787,2,20,2024-09-04,2024-09-18,2024-09-12
788,23,35,2025-10-10,2025-10-24,2025-10-23
789,91,837,2024-03-13,2024-03-27,2024-03-20
790,71,992,2024-02-22,2024-03-07,
791,19,753,2025-01-16,2025-01-30,2025-01-25
792,36,854,2025-11-21,2025-12-05,2025-12-10
793,55,369,2025-09-19,2025-10-03,2025-09-22
794,20,679,2025-12-08,2025-12-22,2025-12-26
795,1,440,2026-01-01,2026-01-15,2026-01-08
796,22,934,2024-11-14,2024-11-28,
797,85,20,2025-06-07,2025-06-21,2025-06-10
798,6,314,2025-06-25,2025-07-09,2025-07-03
799,56,421,2025-05-07,2025-05-21,2025-05-16
800,12,903,2025-12-06,2025-12-20,2025-12-18
801,34,759,2024-12-22,2025-01-05,2024-12-28
802,10,445,2024-07-22,2024-08-05,2024-08-06
803,81,639,2025-08-21,2025-09-04,
804,85,27,2025-04-29,2025-05-13,2025-05-03
805,98,196,2024-02-04,2024-02-18,
806,42,591,2024-06-30,2024-07-14,2024-07-20
807,30,825,2025-12-03,2025-12-17,2025-12-20
808,76,64,2025-01-21,2025-02-04,2025-02-02
809,47,154,2025-06-11,2025-06-25,2025-06-29
810,75,683,2025-02-10,2025-02-24,2025-02-11
811,71,47,2025-01-29,2025-02-12,2025-01-31
812,12,908,2025-01-30,2025-02-13,2025-02-15
813,36,519,2024-02-07,2024-02-21,
814,99,381,2025-09-18,2025-10-02,
815,19,760,2025-11-07,2025-11-21,2025-11-10
816,79,639,2024-01-29,2024-02-12,2024-02-10
817,8,499,2025-01-06,2025-01-20,2025-01-14
818,85,627,2025-05-12,2025-05-26,
819,58,271,2025-10-29,2025-11-12,
820,54,165,2024-06-02,2024-06-16,2024-06-11
821,52,203,2024-01-09,2024-01-23,2024-01-15
822,46,699,2024-08-20,2024-09-03,2024-09-05
823,32,390,2024-07-15,2024-07-29,2024-07-22
824,21,871,2025-11-21,2025-12-05,2025-11-30
825,36,828,2025-11-20,2025-12-04,2025-11-22
826,43,482,2024-05-26,2024-06-09,
827,40,14,2024-12-14,2024-12-28,2024-12-22
828,61,91,2024-08-13,2024-08-27,2024-08-19
829,85,794,2025-04-15,2025-04-29,
830,99,771,2025-12-30,2026-01-13,2026-01-05
831,95,628,2025-02-03,2025-02-17,2025-02-17
832,56,577,2025-09-24,2025-10-08,2025-10-05
833,48,741,2024-04-29,2024-05-13,
834,53,306,2025-12-24,2026-01-07,
835,83,577,2025-05-09,2025-05-23,2025-05-25
836,44,729,2025-10-24,2025-11-07,2025-11-09
837,90,958,2025-07-29,2025-08-12,2025-08-14
838,32,464,2025-07-28,2025-08-11,2025-08-16
839,47,25,2025-04-10,2025-04-24,
840,14,310,2024-12-06,2024-12-20,2024-12-22
841,51,108,2024-01-29,2024-02-12,2024-02-12
842,18,246,2024-07-28,2024-08-11,2024-07-29
843,69,309,2024-05-04,2024-05-18,2024-05-23
844,92,971,2024-09-30,2024-10-14,
845,35,19,2024-01-18,2024-02-01,2024-02-05
846,29,855,2024-08-06,2024-08-20,2024-08-11
847,98,489,2025-01-18,2025-02-01,2025-02-03
848,65,590,2024-01-27,2024-02-10,2024-02-08
849,31,48,2024-09-29,2024-10-13,2024-10-01
850,23,844,2024-04-21,2024-05-05,2024-05-03
851,72,889,2024-08-23,2024-09-06,2024-09-12
852,83,678,2024-06-30,2024-07-14,2024-07-04
853,26,475,2024-11-14,2024-11-28,2024-12-03
854,11,94,2025-06-19,2025-07-03,2025-06-29
855,78,716,2024-06-20,2024-07-04,2024-07-07
856,54,934,2025-03-18,2025-04-01,2025-04-02
857,49,464,2025-03-11,2025-03-25,
858,91,510,2024-12-07,2024-12-21,2024-12-24
859,29,326,2025-08-18,2025-09-01,
860,62,383,2024-09-20,2024-10-04,2024-09-27
861,61,228,2025-11-06,2025-11-20,2025-11-26
862,68,509,2025-04-18,2025-05-02,
863,38,235,2024-09-26,2024-10-10,2024-09-29
864,47,145,2024-10-12,2024-10-26,2024-10-23
865,95,909,2024-03-06,2024-03-20,2024-03-10
866,82,30,2025-12-02,2025-12-16,2025-12-05
867,39,895,2025-11-05,2025-11-19,2025-11-19
868,82,44,2024-02-15,2024-02-29,2024-03-03
869,74,784,2025-01-13,2025-01-27,2025-01-15
870,81,602,2024-12-30,2025-01-13,2025-01-03
871,60,596,2025-12-29,2026-01-12,
872,92,647,2025-01-23,2025-02-06,2025-02-05
873,28,776,2025-09-06,2025-09-20,2025-09-17
874,53,18,2025-03-09,2025-03-23,2025-03-21
875,24,917,2024-05-03,2024-05-17,2024-05-22
876,5,955,2024-09-09,2024-09-23,2024-09-24
877,63,280,2024-08-14,2024-08-28,
878,5,725,2025-09-18,2025-10-02,2025-10-08
879,7,461,2024-10-03,2024-10-17,2024-10-14
880,13,869,2025-08-08,2025-08-22,2025-08-24
881,38,952,2024-07-31,2024-08-14,2024-08-10
882,84,110,2025-03-25,2025-04-08,2025-04-06
883,90,766,2024-02-24,2024-03-09,2024-03-06
884,76,318,2024-01-25,2024-02-08,2024-01-27
885,1,456,2024-03-18,2024-04-01,
886,46,144,2025-12-19,2026-01-02,2025-12-23
887,4,549,2024-07-30,2024-08-13,
888,52,332,2024-01-21,2024-02-04,2024-02-08
889,15,5,2024-07-15,2024-07-29,2024-07-24
890,46,956,2025-10-18,2025-11-01,2025-10-21
891,19,885,2024-09-26,2024-10-10,2024-10-06
892,97,756,2024-08-06,2024-08-20,2024-08-07
893,54,939,2025-08-27,2025-09-10,2025-09-14
894,56,10,2024-03-27,2024-04-10,2024-04-13
895,59,505,2024-12-13,2024-12-27,2024-12-19
896,42,184,2024-10-30,2024-11-13,
897,37,5,2024-06-28,2024-07-12,2024-06-29
898,54,478,2025-11-22,2025-12-06,2025-11-27
899,14,886,2025-08-03,2025-08-17,2025-08-10
900,99,995,2024-05-22,2024-06-05,2024-06-09
901,38,752,2024-10-23,2024-11-06,2024-10-26
902,54,748,2024-03-03,2024-03-17,2024-03-11
903,5,37,2024-03-17,2024-03-31,2024-03-21
904,40,891,2025-03-06,2025-03-20,2025-03-12
905,47,428,2024-05-20,2024-06-03,2024-06-02
906,4,178,2025-12-17,2025-12-31,2025-12-23
907,14,934,2025-12-12,2025-12-26,2025-12-14
908,61,482,2024-07-29,2024-08-12,
909,41,957,2025-01-02,2025-01-16,
910,54,471,2024-03-05,2024-03-19,
911,23,73,2024-11-16,2024-11-30,
912,63,989,2024-12-10,2024-12-24,2024-12-18
913,9,737,2024-12-14,2024-12-28,2024-12-24
914,58,882,2024-08-26,2024-09-09,2024-08-27
915,8,286,2024-11-23,2024-12-07,2024-12-08
916,2,646,2024-08-06,2024-08-20,
917,46,535,2025-08-31,2025-09-14,2025-09-15
918,24,524,2025-09-25,2025-10-09,2025-09-27
919,32,724,2024-04-03,2024-04-17,2024-04-22
920,28,609,2024-04-12,2024-04-26,2024-04-28
921,61,742,2024-02-14,2024-02-28,
922,55,602,2025-08-02,2025-08-16,2025-08-11
923,91,511,2025-08-22,2025-09-05,2025-08-23
924,2,757,2024-09-16,2024-09-30,2024-10-03
925,79,887,2024-09-11,2024-09-25,2024-09-30
926,98,528,2025-05-29,2025-06-12,2025-06-15
927,48,508,2024-10-25,2024-11-08,2024-11-09
928,6,368,2024-12-17,2024-12-31,2024-12-31
929,30,394,2025-10-05,2025-10-19,2025-10-08
930,87,516,2025-06-30,2025-07-14,2025-07-07
931,11,727,2025-08-11,2025-08-25,2025-08-24
932,41,339,2024-05-06,2024-05-20,2024-05-11
933,11,265,2025-11-26,2025-12-10,
934,44,495,2024-07-26,2024-08-09,2024-08-04
935,57,649,2025-12-30,2026-01-13,2026-01-02
936,75,139,2025-01-24,2025-02-07,
937,29,215,2025-03-07,2025-03-21,2025-03-08
938,59,158,2025-08-31,2025-09-14,
939,88,224,2024-07-10,2024-07-24,2024-07-27
940,93,916,2025-05-28,2025-06-11,
941,7,338,2024-05-29,2024-06-12,2024-06-15
942,72,235,2024-08-29,2024-09-12,2024-09-09
943,66,551,2025-12-22,2026-01-05,2026-01-05
944,18,139,2025-05-08,2025-05-22,2025-05-14
945,9,252,2025-11-17,2025-12-01,2025-12-03
946,47,958,2025-12-04,2025-12-18,2025-12-21
947,87,202,2025-04-22,2025-05-06,2025-05-06
948,45,576,2025-06-11,2025-06-25,2025-06-12
949,37,61,2025-08-24,2025-09-07,2025-09-11
950,28,974,2024-10-22,2024-11-05,2024-10-30
951,52,430,2025-09-18,2025-10-02,2025-09-24
952,53,865,2024-12-08,2024-12-22,2024-12-15
953,63,416,2024-06-20,2024-07-04,2024-06-28
954,49,586,2024-12-12,2024-12-26,
955,8,46,2024-03-08,2024-03-22,
956,53,141,2025-08-13,2025-08-27,2025-08-22
957,60,969,2025-02-08,2025-02-22,2025-02-13
958,50,526,2025-01-19,2025-02-02,
959,80,398,2025-08-27,2025-09-10,2025-09-08
960,68,143,2025-11-12,2025-11-26,2025-11-21
961,91,732,2024-04-06,2024-04-20,2024-04-07
962,43,134,2025-12-18,2026-01-01,2025-12-29
963,43,29,2024-08-08,2024-08-22,2024-08-27
964,22,786,2024-11-29,2024-12-13,2024-12-07
965,70,341,2024-12-19,2025-01-02,2024-12-21
966,79,804,2025-11-18,2025-12-02,
967,81,446,2024-08-30,2024-09-13,2024-09-05
968,3,63,2025-01-21,2025-02-04,2025-01-30
969,10,979,2024-11-14,2024-11-28,2024-11-28
970,60,663,2025-05-20,2025-06-03,
971,13,399,2025-03-22,2025-04-05,2025-03-27
972,9,823,2024-12-21,2025-01-04,2025-01-01
973,80,830,2024-03-18,2024-04-01,
974,18,161,2024-07-27,2024-08-10,
975,58,909,2025-03-09,2025-03-23,
976,52,919,2024-07-13,2024-07-27,2024-07-27
977,43,587,2024-03-31,2024-04-14,
978,58,704,2025-10-25,2025-11-08,2025-11-08
979,34,147,2024-08-08,2024-08-22,2024-08-25
980,64,791,2024-11-23,2024-12-07,
981,65,376,2024-08-02,2024-08-16,2024-08-16
982,73,854,2024-11-17,2024-12-01,2024-12-04
983,7,915,2024-10-28,2024-11-11,2024-11-06
984,37,368,2025-11-17,2025-12-01,2025-11-25
985,32,936,2024-02-20,2024-03-05,2024-03-01
986,87,619,2024-08-08,2024-08-22,
987,20,818,2025-11-22,2025-12-06,2025-11-27
988,54,641,2024-06-26,2024-07-10,2024-06-28
989,33,125,2025-01-25,2025-02-08,2025-02-14
990,9,455,2024-11-19,2024-12-03,2024-12-06
991,37,334,2025-05-03,2025-05-17,2025-05-18
992,68,27,2025-08-03,2025-08-17,2025-08-05
993,50,57,2024-02-05,2024-02-19,2024-02-09
994,12,286,2025-08-14,2025-08-28,2025-08-22
995,59,348,2025-08-28,2025-09-11,2025-08-30
996,29,773,2024-11-27,2024-12-11,2024-12-11
997,19,371,2024-08-25,2024-09-08,2024-09-10
998,83,635,2025-10-18,2025-11-01,2025-10-24
999,51,872,2025-07-29,2025-08-12,2025-08-08
1000,49,360,2025-01-06,2025-01-20,2025-01-10
1001,87,278,2024-05-01,2024-05-15,2024-05-14
1002,39,785,2025-04-20,2025-05-04,2025-04-28
1003,32,986,2024-07-19,2024-08-02,
1004,100,227,2024-12-11,2024-12-25,2024-12-17
1005,24,22,2025-02-12,2025-02-26,
1006,73,710,2024-09-22,2024-10-06,2024-09-23
1007,70,255,2025-10-01,2025-10-15,2025-10-19
1008,24,591,2025-12-05,2025-12-19,
1009,65,440,2025-12-05,2025-12-19,2025-12-24
1010,58,221,2025-01-02,2025-01-16,2025-01-10
1011,26,188,2025-03-17,2025-03-31,2025-03-18
1012,72,434,2024-07-30,2024-08-13,2024-08-01
1013,51,179,2024-07-11,2024-07-25,2024-07-31
1014,64,580,2024-03-23,2024-04-06,2024-04-07
1015,46,562,2025-01-27,2025-02-10,2025-02-01
1016,66,272,2024-01-23,2024-02-06,2024-02-06
1017,16,425,2025-09-30,2025-10-14,2025-10-13
1018,33,531,2024-02-17,2024-03-02,2024-03-01
1019,86,623,2025-07-11,2025-07-25,2025-07-21
1020,53,275,2024-05-06,2024-05-20,
1021,21,336,2024-07-24,2024-08-07,2024-08-09
1022,57,47,2024-08-30,2024-09-13,2024-09-14
1023,22,272,2025-03-04,2025-03-18,2025-03-08
1024,87,19,2025-09-09,2025-09-23,2025-09-23
1025,23,198,2025-04-11,2025-04-25,2025-04-19
1026,71,463,2024-10-04,2024-10-18,2024-10-10
1027,10,357,2025-08-22,2025-09-05,2025-09-04
1028,89,973,2025-01-02,2025-01-16,
1029,7,147,2025-08-19,2025-09-02,2025-08-20
1030,28,175,2025-04-25,2025-05-09,
1031,40,631,2024-09-22,2024-10-06,2024-10-10
1032,14,9,2024-03-22,2024-04-05,2024-03-28
1033,97,603,2025-07-30,2025-08-13,2025-08-14
1034,21,514,2024-10-07,2024-10-21,2024-10-15
1035,40,273,2025-04-02,2025-04-16,
1036,59,619,2025-06-28,2025-07-12,2025-07-14
1037,80,190,2025-11-13,2025-11-27,2025-11-29
1038,81,672,2024-12-11,2024-12-25,2024-12-31
1039,67,64,2025-03-11,2025-03-25,2025-03-25
1040,24,755,2025-11-08,2025-11-22,2025-11-25
1041,36,297,2025-05-16,2025-05-30,2025-05-19
1042,62,657,2025-09-08,2025-09-22,2025-09-09
1043,50,927,2025-10-02,2025-10-16,2025-10-03
1044,25,942,2025-11-10,2025-11-24,2025-11-13
1045,40,980,2024-03-22,2024-04-05,2024-03-30
1046,9,325,2025-02-23,2025-03-09,
1047,57,248,2025-08-03,2025-08-17,2025-08-12
1048,6,88,2024-05-18,2024-06-01,2024-05-31
1049,46,748,2025-12-21,2026-01-04,
1050,20,394,2025-05-10,2025-05-24,2025-05-13
1051,47,904,2024-07-14,2024-07-28,2024-07-21
1052,59,77,2025-11-23,2025-12-07,
1053,56,111,2025-03-07,2025-03-21,2025-03-08
1054,53,213,2024-09-30,2024-10-14,2024-10-16
1055,18,406,2024-11-26,2024-12-10,
1056,30,567,2025-08-26,2025-09-09,2025-09-15
1057,33,895,2024-03-29,2024-04-12,
1058,94,971,2025-04-12,2025-04-26,2025-04-22
1059,7,441,2025-02-10,2025-02-24,2025-02-17
1060,43,250,2025-03-26,2025-04-09,2025-03-27
1061,39,636,2025-06-16,2025-06-30,2025-07-03
1062,67,269,2025-03-04,2025-03-18,2025-03-08
1063,69,377,2024-01-16,2024-01-30,2024-02-03
1064,63,510,2024-08-08,2024-08-22,2024-08-17
1065,50,454,2024-08-17,2024-08-31,2024-08-22
1066,32,958,2025-05-28,2025-06-11,2025-06-06
1067,28,335,2024-01-14,2024-01-28,
1068,94,558,2025-10-15,2025-10-29,2025-10-22
1069,96,562,2025-08-22,2025-09-05,2025-08-30
1070,83,393,2025-10-13,2025-10-27,2025-10-26
1071,36,731,2024-05-17,2024-05-31,2024-06-02
1072,76,988,2025-08-16,2025-08-30,2025-08-31
1073,2,845,2025-08-14,2025-08-28,2025-09-03
1074,64,583,2025-11-16,2025-11-30,
1075,66,311,2025-08-25,2025-09-08,2025-09-01
1076,55,96,2025-11-25,2025-12-09,2025-11-29
1077,36,474,2024-08-01,2024-08-15,2024-08-10
1078,34,889,2024-11-04,2024-11-18,2024-11-11
1079,50,830,2025-10-16,2025-10-30,
1080,3,773,2025-04-25,2025-05-09,2025-05-10
1081,95,433,2024-03-29,2024-04-12,2024-04-13
1082,65,625,2024-12-30,2025-01-13,2025-01-05
1083,75,105,2025-07-03,2025-07-17,2025-07-20
1084,78,827,2024-02-08,2024-02-22,
1085,65,688,2025-11-30,2025-12-14,2025-12-09
1086,46,436,2024-04-25,2024-05-09,2024-04-29
1087,6,937,2024-08-09,2024-08-23,2024-08-18
1088,33,8,2024-06-26,2024-07-10,2024-07-08
1089,7,896,2024-03-31,2024-04-14,2024-04-10
1090,73,499,2024-06-21,2024-07-05,2024-06-29
1091,7,468,2025-06-26,2025-07-10,2025-07-04
1092,52,302,2024-09-23,2024-10-07,2024-10-03
1093,84,621,2024-04-23,2024-05-07,2024-04-30
1094,3,247,2024-10-07,2024-10-21,
1095,81,991,2025-02-23,2025-03-09,2025-03-15
1096,13,541,2024-10-30,2024-11-13,2024-11-14
1097,35,66,2024-04-24,2024-05-08,2024-04-27
1098,19,288,2025-01-05,2025-01-19,2025-01-14
1099,6,907,2024-07-29,2024-08-12,
1100,97,742,2024-04-03,2024-04-17,2024-04-12
1101,94,546,2024-05-01,2024-05-15,2024-05-15
1102,88,154,2025-11-02,2025-11-16,2025-11-19
1103,76,407,2024-02-28,2024-03-13,2024-03-09
1104,5,319,2024-02-12,2024-02-26,2024-02-27
1105,45,634,2025-08-01,2025-08-15,
1106,59,869,2024-11-28,2024-12-12,
1107,75,191,2024-08-17,2024-08-31,2024-09-05
1108,47,511,2024-03-04,2024-03-18,2024-03-18
1109,20,69,2024-08-17,2024-08-31,2024-08-31
1110,50,931,2025-12-28,2026-01-11,2026-01-09
1111,74,52,2025-05-14,2025-05-28,2025-05-22
1112,13,879,2025-04-20,2025-05-04,
1113,29,845,2025-05-13,2025-05-27,2025-05-27
1114,83,282,2024-05-13,2024-05-27,2024-06-01
1115,87,462,2024-07-07,2024-07-21,2024-07-25
1116,31,562,2025-10-19,2025-11-02,2025-10-21
1117,64,899,2025-03-26,2025-04-09,2025-03-27
1118,92,300,2024-04-21,2024-05-05,
1119,72,624,2024-04-03,2024-04-17,2024-04-13
1120,51,857,2025-05-06,2025-05-20,2025-05-26
1121,44,606,2025-03-05,2025-03-19,
1122,52,117,2024-06-10,2024-06-24,2024-06-30
1123,10,450,2025-09-15,2025-09-29,2025-09-25
1124,99,105,2024-09-08,2024-09-22,
1125,87,733,2024-02-16,2024-03-01,2024-03-07
1126,95,169,2024-03-12,2024-03-26,2024-03-24
1127,85,266,2024-02-04,2024-02-18,2024-02-15
1128,70,902,2025-11-29,2025-12-13,2025-12-12
1129,64,217,2024-01-28,2024-02-11,2024-02-03
1130,6,434,2025-02-28,2025-03-14,
1131,30,589,2024-04-07,2024-04-21,
1132,37,836,2025-03-17,2025-03-31,2025-03-20
1133,68,348,2025-01-02,2025-01-16,2025-01-10
1134,19,712,2025-09-12,2025-09-26,2025-09-18
1135,79,902,2025-09-04,2025-09-18,
1136,54,977,2025-03-12,2025-03-26,2025-03-21
1137,17,581,2025-10-15,2025-10-29,
1138,84,705,2024-12-20,2025-01-03,
1139,91,896,2025-12-15,2025-12-29,2025-12-21
1140,32,697,2024-01-16,2024-01-30,2024-01-22
1141,88,652,2025-09-20,2025-10-04,
1142,36,48,2024-12-06,2024-12-20,2024-12-11
1143,57,160,2025-09-19,2025-10-03,
1144,19,270,2024-09-18,2024-10-02,2024-09-22
1145,89,398,2025-01-13,2025-01-27,
1146,90,476,2025-10-21,2025-11-04,2025-10-24
1147,1,907,2024-02-15,2024-02-29,2024-02-29
1148,65,919,2024-07-09,2024-07-23,2024-07-24
1149,21,155,2024-10-20,2024-11-03,2024-10-29
1150,88,698,2024-08-16,2024-08-30,
1151,84,985,2025-03-13,2025-03-27,
1152,62,884,2025-12-19,2026-01-02,2026-01-05
1153,96,983,2024-06-01,2024-06-15,
1154,12,125,2024-01-13,2024-01-27,2024-01-24
1155,87,687,2024-04-23,2024-05-07,2024-05-09
1156,50,734,2025-04-09,2025-04-23,2025-04-11
1157,1,992,2025-12-04,2025-12-18,2025-12-15
1158,19,743,2025-11-12,2025-11-26,2025-11-13
1159,62,328,2025-06-16,2025-06-30,2025-06-22
1160,32,358,2025-07-17,2025-07-31,
1161,73,685,2025-12-16,2025-12-30,2025-12-26
1162,68,963,2024-02-24,2024-03-09,2024-02-27
1163,74,152,2024-08-19,2024-09-02,2024-09-07
1164,15,801,2024-11-27,2024-12-11,2024-12-04
1165,27,215,2024-06-18,2024-07-02,2024-06-22
1166,85,616,2024-11-25,2024-12-09,2024-12-07
1167,44,412,2024-12-18,2025-01-01,2024-12-21
1168,11,643,2025-01-28,2025-02-11,
1169,57,655,2024-04-11,2024-04-25,2024-04-25
1170,84,102,2024-04-23,2024-05-07,2024-04-29
1171,34,98,2024-08-19,2024-09-02,2024-08-26
1172,65,234,2024-10-26,2024-11-09,
1173,32,859,2024-06-22,2024-07-06,2024-07-02
1174,25,15,2025-10-02,2025-10-16,2025-10-10
1175,73,257,2024-02-08,2024-02-22,2024-02-10
1176,83,793,2024-07-30,2024-08-13,2024-08-14
1177,77,861,2025-02-25,2025-03-11,2025-02-27
1178,10,896,2025-07-23,2025-08-06,2025-07-28
1179,50,967,2025-01-30,2025-02-13,2025-02-17
1180,55,379,2025-05-28,2025-06-11,2025-06-12
1181,20,850,2025-10-26,2025-11-09,2025-10-29
1182,60,132,2024-05-31,2024-06-14,2024-06-15
1183,22,292,2025-08-01,2025-08-15,2025-08-21
1184,27,693,2024-01-10,2024-01-24,2024-01-27
1185,58,869,2024-07-01,2024-07-15,2024-07-20
1186,95,322,2025-12-16,2025-12-30,
1187,90,485,2025-11-16,2025-11-30,2025-11-21
1188,47,970,2024-04-27,2024-05-11,2024-05-06
1189,41,898,2025-12-27,2026-01-10,2026-01-06
1190,21,265,2024-09-22,2024-10-06,2024-10-09
1191,59,526,2024-12-05,2024-12-19,2024-12-11
1192,12,326,2025-07-18,2025-08-01,2025-07-25
1193,2,161,2025-12-31,2026-01-14,2026-01-03
1194,86,58,2025-11-10,2025-11-24,2025-11-30
1195,39,417,2025-10-05,2025-10-19,2025-10-15
1196,34,222,2024-03-03,2024-03-17,2024-03-12
1197,9,94,2024-12-06,2024-12-20,2024-12-19
1198,28,92,2024-03-07,2024-03-21,2024-03-13
1199,83,282,2024-05-12,2024-05-26,2024-05-26
1200,16,497,2024-10-06,2024-10-20,2024-10-14
1201,38,484,2024-07-27,2024-08-10,
1202,94,559,2025-03-21,2025-04-04,2025-03-29
1203,61,247,2024-01-19,2024-02-02,2024-02-08
1204,88,356,2024-11-28,2024-12-12,2024-11-29
1205,44,478,2024-08-18,2024-09-01,2024-08-20
1206,8,957,2024-02-24,2024-03-09,2024-02-29
1207,75,508,2025-06-25,2025-07-09,2025-07-10
1208,33,6,2024-01-08,2024-01-22,
1209,95,964,2025-01-14,2025-01-28,2025-01-16
1210,13,354,2024-11-13,2024-11-27,
1211,85,928,2024-02-09,2024-02-23,2024-02-15
1212,99,207,2025-11-15,2025-11-29,2025-11-20
1213,90,943,2024-12-02,2024-12-16,2024-12-06
1214,71,175,2024-06-30,2024-07-14,2024-07-12
1215,97,682,2024-07-30,2024-08-13,2024-08-17
1216,65,206,2025-09-16,2025-09-30,2025-10-06
1217,5,716,2024-03-12,2024-03-26,2024-03-15
1218,40,776,2025-07-02,2025-07-16,2025-07-14
1219,28,505,2024-02-04,2024-02-18,2024-02-17
1220,52,72,2025-08-24,2025-09-07,
1221,52,156,2024-10-03,2024-10-17,2024-10-16
1222,7,495,2025-04-15,2025-04-29,2025-05-01
1223,98,85,2025-04-06,2025-04-20,2025-04-23
1224,51,839,2024-12-11,2024-12-25,2024-12-20
1225,14,157,2025-10-12,2025-10-26,2025-10-27
1226,82,523,2025-07-24,2025-08-07,2025-07-25
1227,82,644,2024-05-02,2024-05-16,2024-05-12
1228,94,366,2025-04-21,2025-05-05,2025-04-26
1229,45,500,2025-08-18,2025-09-01,
1230,36,910,2024-08-11,2024-08-25,2024-08-31
1231,95,320,2024-09-13,2024-09-27,2024-09-14
1232,33,22,2024-08-16,2024-08-30,2024-08-23
1233,77,115,2025-11-10,2025-11-24,2025-11-23
1234,70,786,2025-11-17,2025-12-01,2025-11-30
1235,58,585,2025-12-10,2025-12-24,
1236,74,292,2024-06-07,2024-06-21,2024-06-08
1237,6,669,2025-02-05,2025-02-19,2025-02-08
1238,13,889,2025-07-03,2025-07-17,
1239,51,492,2024-07-31,2024-08-14,2024-08-04
1240,89,190,2024-12-02,2024-12-16,2024-12-06
1241,33,973,2025-08-07,2025-08-21,2025-08-09
1242,81,130,2025-09-11,2025-09-25,2025-09-21
1243,71,600,2025-05-10,2025-05-24,2025-05-19
1244,94,94,2025-12-15,2025-12-29,2026-01-03
1245,3,698,2024-03-25,2024-04-08,2024-04-11
1246,86,950,2024-01-28,2024-02-11,2024-02-01
1247,98,411,2024-12-12,2024-12-26,2024-12-31
1248,82,423,2024-07-04,2024-07-18,
1249,22,282,2024-07-09,2024-07-23,2024-07-13
1250,73,582,2024-10-24,2024-11-07,
1251,53,840,2024-06-04,2024-06-18,2024-06-07
1252,49,978,2024-06-19,2024-07-03,2024-06-30
1253,46,96,2025-12-20,2026-01-03,2025-12-25
1254,90,360,2024-10-02,2024-10-16,2024-10-20
1255,13,106,2025-02-14,2025-02-28,2025-02-27
1256,93,685,2024-09-08,2024-09-22,2024-09-26
1257,95,98,2025-03-29,2025-04-12,2025-04-01
1258,78,132,2025-03-10,2025-03-24,2025-03-24
1259,13,898,2025-10-19,2025-11-02,2025-10-28
1260,99,392,2024-01-20,2024-02-03,2024-02-05
1261,32,628,2025-05-05,2025-05-19,2025-05-08
1262,63,404,2025-08-04,2025-08-18,2025-08-09
1263,12,814,2025-01-22,2025-02-05,2025-02-10
1264,44,695,2024-08-29,2024-09-12,2024-09-05
1265,75,368,2024-02-28,2024-03-13,2024-02-29
1266,51,234,2025-08-08,2025-08-22,2025-08-12
1267,77,878,2025-11-17,2025-12-01,2025-11-28
1268,83,244,2024-06-09,2024-06-23,2024-06-18
1269,77,899,2024-07-11,2024-07-25,
1270,23,109,2025-03-01,2025-03-15,2025-03-19
1271,57,489,2025-04-05,2025-04-19,2025-04-10
1272,67,645,2025-03-13,2025-03-27,2025-03-25
1273,71,421,2024-10-24,2024-11-07,2024-11-04
1274,37,839,2024-06-24,2024-07-08,2024-07-07
1275,52,62,2024-08-05,2024-08-19,2024-08-16
1276,78,53,2025-07-16,2025-07-30,2025-07-18
1277,20,232,2024-01-13,2024-01-27,2024-01-29
1278,12,279,2024-01-13,2024-01-27,2024-01-18
1279,74,594,2025-10-21,2025-11-04,2025-10-26
1280,38,211,2025-10-17,2025-10-31,2025-11-06
1281,72,146,2025-12-11,2025-12-25,2025-12-23
1282,65,775,2025-05-04,2025-05-18,2025-05-23
1283,37,206,2025-02-03,2025-02-17,2025-02-16
1284,80,968,2025-08-31,2025-09-14,2025-09-14
1285,19,930,2025-04-17,2025-05-01,2025-04-28
1286,75,638,2025-12-17,2025-12-31,2026-01-04
1287,31,859,2024-12-15,2024-12-29,
1288,44,785,2025-05-12,2025-05-26,2025-05-31
1289,63,443,2025-12-28,2026-01-11,2026-01-08
1290,95,153,2025-11-25,2025-12-09,2025-12-06
1291,61,387,2024-11-26,2024-12-10,2024-12-09
1292,16,487,2024-01-14,2024-01-28,
1293,68,8,2024-05-03,2024-05-17,
1294,12,672,2025-12-09,2025-12-23,
1295,54,208,2025-07-12,2025-07-26,2025-07-22
1296,27,989,2025-02-26,2025-03-12,
1297,30,671,2025-05-25,2025-06-08,2025-06-11
1298,10,401,2024-11-10,2024-11-24,2024-11-27
1299,46,628,2025-04-06,2025-04-20,
1300,27,10,2024-06-12,2024-06-26,
1301,22,185,2024-08-06,2024-08-20,2024-08-17
1302,29,379,2024-11-26,2024-12-10,2024-12-13
1303,94,652,2025-11-22,2025-12-06,2025-12-04
1304,51,987,2024-01-14,2024-01-28,
1305,99,466,2025-08-21,2025-09-04,2025-09-06
1306,55,998,2024-10-08,2024-10-22,2024-10-21
1307,8,845,2025-08-30,2025-09-13,
1308,11,123,2025-04-30,2025-05-14,
1309,49,917,2025-09-26,2025-10-10,
1310,66,185,2025-11-08,2025-11-22,
1311,54,424,2025-12-05,2025-12-19,
1312,63,842,2025-05-08,2025-05-22,2025-05-18
1313,27,696,2025-01-11,2025-01-25,2025-01-20
1314,97,835,2025-08-15,2025-08-29,2025-08-28
1315,90,247,2025-10-17,2025-10-31,2025-10-25
1316,65,857,2024-11-07,2024-11-21,
1317,80,339,2025-09-25,2025-10-09,
1318,37,10,2025-07-08,2025-07-22,2025-07-13
1319,45,726,2025-09-10,2025-09-24,2025-09-19
1320,8,5,2024-05-30,2024-06-13,2024-06-09
1321,18,847,2024-10-04,2024-10-18,2024-10-21
1322,27,269,2025-10-17,2025-10-31,2025-11-01
1323,58,720,2025-02-28,2025-03-14,
1324,67,793,2025-12-08,2025-12-22,2025-12-20
1325,84,365,2024-12-06,2024-12-20,
1326,1,225,2024-01-12,2024-01-26,2024-01-17
1327,45,928,2024-01-26,2024-02-09,
1328,57,474,2024-02-20,2024-03-05,2024-03-10
1329,24,351,2024-06-27,2024-07-11,2024-07-17
1330,73,117,2025-12-25,2026-01-08,2025-12-27
1331,48,883,2024-09-02,2024-09-16,2024-09-07
1332,55,232,2025-07-02,2025-07-16,2025-07-19
1333,75,732,2024-02-10,2024-02-24,2024-02-27
1334,58,411,2024-06-24,2024-07-08,2024-07-06
1335,21,632,2024-03-14,2024-03-28,
1336,26,828,2024-05-22,2024-06-05,
1337,89,819,2025-03-22,2025-04-05,2025-03-25
1338,83,232,2025-09-29,2025-10-13,
1339,52,425,2024-06-08,2024-06-22,2024-06-18
1340,88,927,2025-05-18,2025-06-01,2025-05-28
1341,68,753,2024-06-26,2024-07-10,2024-07-15
1342,90,357,2024-04-05,2024-04-19,2024-04-19
1343,69,412,2024-04-09,2024-04-23,2024-04-18
1344,35,697,2024-05-17,2024-05-31,2024-05-30
1345,9,242,2025-12-14,2025-12-28,2025-12-29
1346,49,516,2025-11-08,2025-11-22,2025-11-27
1347,57,529,2025-10-19,2025-11-02,
1348,64,394,2024-08-12,2024-08-26,2024-08-24
1349,9,449,2024-03-23,2024-04-06,2024-03-28
1350,43,640,2025-05-08,2025-05-22,2025-05-16
1351,10,206,2025-11-26,2025-12-10,
1352,41,742,2024-08-12,2024-08-26,2024-08-16
1353,86,619,2025-04-20,2025-05-04,2025-05-10
1354,51,992,2025-03-29,2025-04-12,
1355,33,877,2025-09-06,2025-09-20,2025-09-22
1356,35,160,2024-07-29,2024-08-12,2024-08-18
1357,94,430,2024-04-06,2024-04-20,2024-04-23
1358,87,462,2025-04-25,2025-05-09,2025-05-06
1359,62,143,2024-06-11,2024-06-25,2024-06-14
1360,61,997,2024-02-29,2024-03-14,2024-03-15
1361,95,411,2025-04-09,2025-04-23,2025-04-26
1362,64,550,2024-01-10,2024-01-24,2024-01-17
1363,25,310,2025-02-07,2025-02-21,2025-02-08
1364,38,631,2025-09-11,2025-09-25,2025-09-24
1365,86,882,2025-03-19,2025-04-02,2025-03-21
1366,10,12,2024-10-20,2024-11-03,2024-10-21
1367,91,13,2025-06-26,2025-07-10,2025-07-12
1368,77,151,2025-08-31,2025-09-14,2025-09-09
1369,83,245,2025-08-05,2025-08-19,2025-08-07
1370,8,593,2025-02-25,2025-03-11,2025-02-28
1371,68,103,2025-06-03,2025-06-17,2025-06-17
1372,49,804,2025-09-17,2025-10-01,2025-09-25
1373,27,283,2024-04-11,2024-04-25,
1374,100,366,2025-04-27,2025-05-11,2025-05-01
1375,90,406,2025-04-02,2025-04-16,2025-04-21
1376,62,735,2024-06-13,2024-06-27,2024-07-01
1377,12,71,2025-03-16,2025-03-30,2025-03-17
1378,100,986,2024-08-28,2024-09-11,
1379,5,618,2025-12-08,2025-12-22,2025-12-16
1380,5,649,2025-05-14,2025-05-28,2025-05-28
1381,19,546,2024-07-25,2024-08-08,2024-08-11
1382,48,870,2024-05-18,2024-06-01,2024-06-07
1383,52,394,2024-05-25,2024-06-08,2024-06-05
1384,54,659,2024-11-04,2024-11-18,
1385,25,151,2025-02-26,2025-03-12,2025-03-08
1386,75,223,2025-02-28,2025-03-14,2025-03-13
1387,16,438,2024-05-13,2024-05-27,2024-05-15
1388,91,201,2025-10-07,2025-10-21,2025-10-08
1389,86,415,2025-04-30,2025-05-14,2025-05-10
1390,2,976,2024-07-06,2024-07-20,
1391,84,217,2025-10-09,2025-10-23,2025-10-23
1392,10,452,2024-09-16,2024-09-30,
1393,31,296,2024-01-26,2024-02-09,
1394,9,511,2024-11-09,2024-11-23,2024-11-19
1395,45,398,2024-11-06,2024-11-20,2024-11-12
1396,43,563,2024-11-23,2024-12-07,2024-11-27
1397,74,538,2024-05-04,2024-05-18,2024-05-11
1398,84,534,2024-10-25,2024-11-08,2024-11-11
1399,83,396,2024-03-23,2024-04-06,2024-04-03
1400,30,9,2024-10-20,2024-11-03,2024-10-31
1401,84,67,2024-07-06,2024-07-20,2024-07-19
1402,96,109,2024-09-02,2024-09-16,
1403,66,329,2025-10-12,2025-10-26,2025-10-24
1404,56,355,2025-01-01,2025-01-15,2025-01-15
1405,46,116,2024-11-26,2024-12-10,2024-11-28
1406,48,149,2025-03-16,2025-03-30,2025-03-26
1407,72,73,2024-12-21,2025-01-04,
1408,37,183,2025-08-15,2025-08-29,2025-08-27
1409,49,795,2024-06-23,2024-07-07,2024-07-04
1410,18,254,2025-11-05,2025-11-19,2025-11-22
1411,28,408,2024-09-05,2024-09-19,2024-09-22
1412,48,236,2024-03-11,2024-03-25,
1413,65,402,2025-11-06,2025-11-20,2025-11-19
1414,32,277,2025-05-19,2025-06-02,2025-05-24
1415,78,613,2025-11-13,2025-11-27,2025-11-22
1416,34,878,2025-02-23,2025-03-09,2025-02-28
1417,91,680,2024-04-12,2024-04-26,2024-04-25
1418,9,359,2024-04-24,2024-05-08,
1419,58,161,2025-07-22,2025-08-05,2025-08-10
1420,13,662,2024-10-15,2024-10-29,2024-11-02
1421,56,68,2024-02-10,2024-02-24,2024-02-24
1422,39,9,2025-10-28,2025-11-11,2025-10-29
1423,29,86,2025-11-20,2025-12-04,2025-12-08
1424,58,864,2024-08-06,2024-08-20,2024-08-10
1425,3,366,2025-08-27,2025-09-10,2025-09-11
1426,69,540,2025-11-29,2025-12-13,2025-12-06
1427,5,553,2025-03-23,2025-04-06,2025-04-10
1428,58,259,2025-10-04,2025-10-18,
1429,99,212,2024-08-07,2024-08-21,
1430,5,94,2025-06-06,2025-06-20,2025-06-12
1431,82,505,2025-06-11,2025-06-25,2025-06-17
1432,28,180,2025-10-25,2025-11-08,2025-11-10
1433,40,835,2024-11-05,2024-11-19,2024-11-17
1434,15,297,2025-08-18,2025-09-01,2025-09-03
1435,64,115,2024-10-17,2024-10-31,2024-10-27
1436,1,538,2024-05-12,2024-05-26,2024-05-15
1437,13,785,2024-07-24,2024-08-07,2024-08-05
1438,3,973,2025-06-05,2025-06-19,2025-06-23
1439,65,402,2024-03-25,2024-04-08,2024-04-09
1440,73,708,2025-01-27,2025-02-10,2025-01-29
1441,100,148,2024-12-12,2024-12-26,2024-12-20
1442,78,100,2025-11-09,2025-11-23,2025-11-11
1443,32,836,2024-07-02,2024-07-16,2024-07-05
1444,73,715,2024-09-25,2024-10-09,2024-09-29
1445,18,94,2025-11-04,2025-11-18,2025-11-08
1446,55,69,2024-08-10,2024-08-24,2024-08-19
1447,8,959,2024-09-14,2024-09-28,2024-10-01
1448,22,736,2024-08-19,2024-09-02,2024-09-07
1449,89,458,2025-11-13,2025-11-27,2025-11-18
1450,52,454,2025-12-25,2026-01-08,2026-01-09
1451,56,36,2024-11-24,2024-12-08,2024-11-26
1452,21,634,2025-01-03,2025-01-17,
1453,69,900,2025-01-22,2025-02-05,2025-01-23
1454,87,500,2024-07-09,2024-07-23,
1455,22,187,2024-10-15,2024-10-29,2024-10-23
1456,92,401,2024-02-21,2024-03-06,
1457,46,903,2024-02-08,2024-02-22,2024-02-26
1458,52,78,2024-06-06,2024-06-20,2024-06-15
1459,86,346,2025-06-12,2025-06-26,2025-06-20
1460,61,138,2025-09-15,2025-09-29,
1461,2,773,2025-01-19,2025-02-02,2025-01-26
1462,28,866,2025-10-20,2025-11-03,2025-10-21
1463,62,444,2025-01-25,2025-02-08,2025-02-08
1464,69,70,2025-06-05,2025-06-19,2025-06-10
1465,46,156,2025-07-05,2025-07-19,2025-07-16
1466,29,189,2025-01-29,2025-02-12,2025-02-07
1467,94,506,2025-04-15,2025-04-29,2025-04-20
1468,62,292,2024-06-15,2024-06-29,
1469,45,739,2024-09-21,2024-10-05,2024-10-11
1470,70,552,2024-02-03,2024-02-17,2024-02-08
1471,50,385,2024-12-05,2024-12-19,2024-12-10
1472,53,110,2025-09-02,2025-09-16,2025-09-03
1473,84,790,2024-01-16,2024-01-30,2024-01-21
1474,41,512,2025-03-30,2025-04-13,2025-04-04
1475,34,943,2025-08-14,2025-08-28,2025-09-01
1476,66,544,2025-07-09,2025-07-23,2025-07-21
1477,32,227,2025-06-20,2025-07-04,2025-07-02
1478,31,522,2024-06-06,2024-06-20,2024-06-23
1479,41,811,2025-02-12,2025-02-26,2025-02-16
1480,19,721,2024-08-25,2024-09-08,2024-09-13
1481,34,175,2024-12-24,2025-01-07,2024-12-28
1482,68,40,2025-10-21,2025-11-04,2025-11-08
1483,86,927,2024-05-20,2024-06-03,2024-06-01
1484,36,883,2024-12-29,2025-01-12,2025-01-07
1485,3,222,2024-08-28,2024-09-11,2024-09-05
1486,80,343,2024-04-01,2024-04-15,
1487,66,652,2024-06-13,2024-06-27,2024-06-30
1488,22,195,2025-07-31,2025-08-14,2025-08-16
1489,100,921,2026-01-03,2026-01-17,2026-01-20
1490,2,407,2024-11-18,2024-12-02,2024-11-20
1491,90,85,2024-06-17,2024-07-01,
1492,33,16,2024-08-12,2024-08-26,2024-08-20
1493,90,82,2024-04-05,2024-04-19,2024-04-25
1494,26,905,2025-08-08,2025-08-22,2025-08-23
1495,36,600,2025-02-19,2025-03-05,2025-03-11
1496,100,125,2025-03-15,2025-03-29,2025-03-19
1497,57,107,2025-06-07,2025-06-21,2025-06-19
1498,41,5,2025-10-30,2025-11-13,
1499,62,642,2024-10-15,2024-10-29,2024-10-17
1500,30,745,2024-03-13,2024-03-27,2024-03-31
1501,38,583,2025-05-21,2025-06-04,2025-06-08
1502,89,563,2024-12-04,2024-12-18,
1503,48,619,2025-06-10,2025-06-24,2025-06-29
1504,64,333,2024-01-20,2024-02-03,2024-01-31
1505,64,982,2024-06-03,2024-06-17,
1506,34,310,2025-08-06,2025-08-20,2025-08-07
1507,31,140,2024-02-05,2024-02-19,2024-02-06
1508,1,905,2025-10-03,2025-10-17,2025-10-17
1509,33,242,2025-02-22,2025-03-08,2025-03-08
1510,25,688,2025-02-02,2025-02-16,2025-02-04
1511,37,138,2025-05-17,2025-05-31,2025-05-20
1512,63,312,2025-04-13,2025-04-27,2025-04-18
1513,22,286,2024-11-01,2024-11-15,2024-11-20
1514,41,646,2025-09-09,2025-09-23,2025-09-24
1515,71,507,2025-03-30,2025-04-13,2025-04-16
1516,57,899,2025-10-10,2025-10-24,2025-10-14
1517,44,265,2025-10-17,2025-10-31,2025-10-24
1518,25,919,2026-01-05,2026-01-19,
1519,68,367,2025-06-21,2025-07-05,2025-07-11
1520,80,849,2024-03-16,2024-03-30,2024-03-21
1521,24,770,2025-10-06,2025-10-20,2025-10-15
1522,10,647,2025-05-02,2025-05-16,2025-05-11
1523,91,148,2025-08-30,2025-09-13,
1524,55,232,2024-08-13,2024-08-27,
1525,4,509,2024-10-27,2024-11-10,2024-11-14
1526,12,612,2025-11-14,2025-11-28,
1527,94,493,2024-10-07,2024-10-21,2024-10-13
1528,64,176,2024-06-19,2024-07-03,2024-07-08
1529,40,507,2024-07-19,2024-08-02,2024-08-07
1530,23,426,2024-04-13,2024-04-27,2024-04-22
1531,19,393,2025-02-05,2025-02-19,2025-02-08
1532,96,842,2025-09-19,2025-10-03,
1533,6,662,2024-09-24,2024-10-08,
1534,41,312,2024-04-11,2024-04-25,2024-04-19
1535,10,928,2024-07-08,2024-07-22,2024-07-26
1536,96,262,2025-08-08,2025-08-22,2025-08-19
1537,14,575,2024-09-06,2024-09-20,2024-09-23
1538,23,222,2024-05-23,2024-06-06,2024-05-25
1539,13,653,2025-06-04,2025-06-18,
1540,66,254,2024-06-19,2024-07-03,2024-07-09
1541,16,730,2024-03-15,2024-03-29,2024-03-26
1542,89,137,2024-07-16,2024-07-30,2024-07-17
1543,39,154,2025-12-17,2025-12-31,2026-01-01
1544,9,106,2024-10-08,2024-10-22,2024-10-25
1545,100,461,2024-07-05,2024-07-19,2024-07-18
1546,45,737,2024-03-20,2024-04-03,2024-04-03
1547,78,316,2024-08-01,2024-08-15,2024-08-21
1548,13,602,2025-02-10,2025-02-24,2025-02-27
1549,100,293,2025-09-26,2025-10-10,2025-10-02
1550,29,983,2024-06-10,2024-06-24,2024-06-18
1551,97,885,2024-05-02,2024-05-16,2024-05-05
1552,49,334,2025-06-22,2025-07-06,
1553,34,234,2025-02-01,2025-02-15,2025-02-10
1554,31,454,2024-06-10,2024-06-24,
1555,19,729,2025-12-02,2025-12-16,2025-12-03
1556,44,965,2024-09-23,2024-10-07,2024-10-08
1557,72,126,2024-04-29,2024-05-13,2024-05-17
1558,75,44,2024-06-20,2024-07-04,2024-07-02
1559,98,410,2025-12-06,2025-12-20,2025-12-23
1560,78,450,2025-02-25,2025-03-11,2025-03-05
1561,25,883,2024-08-16,2024-08-30,
1562,94,114,2024-09-17,2024-10-01,2024-09-27
1563,2,737,2025-05-11,2025-05-25,2025-05-17
1564,19,131,2025-03-19,2025-04-02,2025-03-28
1565,30,391,2025-11-04,2025-11-18,2025-11-11
1566,78,8,2024-06-21,2024-07-05,
1567,40,280,2025-11-28,2025-12-12,2025-12-03
1568,90,742,2025-08-02,2025-08-16,2025-08-04
1569,7,769,2024-08-09,2024-08-23,2024-08-13
1570,8,737,2024-04-29,2024-05-13,2024-05-06
1571,19,195,2024-08-04,2024-08-18,2024-08-23
1572,80,456,2025-02-26,2025-03-12,
1573,71,2,2025-06-14,2025-06-28,2025-06-28
1574,66,861,2024-03-17,2024-03-31,2024-04-06
1575,75,680,2025-03-25,2025-04-08,2025-04-10
1576,28,978,2025-05-17,2025-05-31,2025-05-27
1577,15,604,2025-04-16,2025-04-30,2025-04-24
1578,43,760,2024-08-24,2024-09-07,2024-09-02
1579,24,655,2025-12-17,2025-12-31,2026-01-06
1580,93,185,2025-07-17,2025-07-31,2025-07-28
1581,11,125,2025-05-18,2025-06-01,
1582,22,253,2025-12-02,2025-12-16,2025-12-15
1583,68,793,2024-05-02,2024-05-16,2024-05-17
1584,78,962,2025-09-23,2025-10-07,2025-10-11
1585,46,925,2024-04-18,2024-05-02,
1586,32,246,2024-08-23,2024-09-06,2024-09-06
1587,20,207,2024-11-18,2024-12-02,
1588,40,844,2024-02-24,2024-03-09,2024-02-25
1589,20,13,2025-12-11,2025-12-25,2025-12-25
1590,40,742,2024-07-05,2024-07-19,
1591,18,965,2025-03-11,2025-03-25,2025-03-15
1592,65,881,2024-03-26,2024-04-09,2024-04-08
1593,38,181,2024-08-11,2024-08-25,
1594,60,59,2024-06-02,2024-06-16,
1595,45,21,2025-07-05,2025-07-19,
1596,63,458,2024-06-01,2024-06-15,2024-06-20
1597,32,305,2024-12-14,2024-12-28,2024-12-22
1598,72,460,2025-07-13,2025-07-27,2025-07-23
1599,79,979,2025-02-27,2025-03-13,2025-03-10
1600,97,240,2025-09-08,2025-09-22,2025-09-22
1601,14,834,2024-04-17,2024-05-01,2024-04-21
1602,100,676,2024-09-21,2024-10-05,2024-09-22
1603,3,173,2025-06-26,2025-07-10,2025-07-03
1604,3,254,2025-03-02,2025-03-16,2025-03-15
1605,34,330,2024-01-13,2024-01-27,
1606,99,505,2025-11-22,2025-12-06,
1607,87,237,2024-08-09,2024-08-23,2024-08-10
1608,35,250,2024-07-08,2024-07-22,2024-07-28
1609,29,278,2024-06-07,2024-06-21,2024-06-10
1610,73,880,2024-02-23,2024-03-08,2024-03-07
1611,73,251,2025-11-11,2025-11-25,2025-11-22
1612,26,190,2025-08-31,2025-09-14,2025-09-19
1613,88,329,2025-03-14,2025-03-28,2025-03-19
1614,92,524,2024-09-04,2024-09-18,2024-09-13
1615,22,307,2024-10-31,2024-11-14,2024-11-12
1616,14,23,2025-04-08,2025-04-22,2025-04-20
1617,35,617,2025-09-22,2025-10-06,2025-09-24
1618,46,934,2025-01-07,2025-01-21,2025-01-25
1619,12,871,2024-05-07,2024-05-21,2024-05-14
1620,47,182,2024-09-23,2024-10-07,2024-09-27
1621,82,799,2025-05-13,2025-05-27,2025-05-23
1622,55,278,2024-11-27,2024-12-11,2024-12-13
1623,95,213,2025-07-21,2025-08-04,2025-07-22
1624,26,853,2024-05-27,2024-06-10,
1625,58,332,2025-08-02,2025-08-16,2025-08-16
1626,37,650,2024-01-24,2024-02-07,2024-02-01
1627,91,869,2024-10-06,2024-10-20,
1628,80,692,2025-11-05,2025-11-19,2025-11-18
1629,75,860,2024-07-14,2024-07-28,2024-07-23
1630,9,854,2025-12-08,2025-12-22,2025-12-16
1631,8,26,2024-12-20,2025-01-03,
1632,91,57,2024-11-11,2024-11-25,2024-11-27
1633,72,216,2025-02-11,2025-02-25,2025-03-02
1634,4,951,2024-12-14,2024-12-28,2025-01-03
1635,37,536,2025-10-31,2025-11-14,
1636,88,92,2025-04-02,2025-04-16,2025-04-18
1637,43,481,2024-12-21,2025-01-04,2025-01-09
1638,27,748,2025-05-08,2025-05-22,
1639,11,810,2025-06-08,2025-06-22,2025-06-28
1640,84,592,2025-10-10,2025-10-24,2025-10-24
1641,53,402,2025-04-17,2025-05-01,2025-05-03
1642,10,492,2025-01-20,2025-02-03,2025-01-22
1643,15,553,2024-12-05,2024-12-19,2024-12-21
1644,8,406,2025-07-08,2025-07-22,2025-07-25
1645,69,309,2024-01-19,2024-02-02,
1646,91,773,2025-09-20,2025-10-04,2025-10-04
1647,51,574,2024-12-08,2024-12-22,2024-12-25
1648,53,991,2024-12-30,2025-01-13,2025-01-06
1649,65,529,2025-07-10,2025-07-24,2025-07-25
1650,2,157,2025-11-05,2025-11-19,2025-11-09
1651,69,788,2025-11-29,2025-12-13,2025-12-15
1652,14,786,2024-03-27,2024-04-10,
1653,87,751,2025-04-22,2025-05-06,2025-04-28
1654,56,777,2025-09-14,2025-09-28,2025-09-24
1655,60,808,2024-08-08,2024-08-22,2024-08-12
1656,95,353,2024-01-12,2024-01-26,
1657,98,712,2024-03-05,2024-03-19,2024-03-25
1658,78,449,2025-10-10,2025-10-24,2025-10-29
1659,88,489,2024-10-04,2024-10-18,2024-10-18
1660,17,497,2024-12-21,2025-01-04,
1661,40,377,2024-09-13,2024-09-27,2024-10-02
1662,27,792,2024-12-02,2024-12-16,
1663,48,138,2025-11-12,2025-11-26,
1664,31,495,2024-05-29,2024-06-12,2024-06-04
1665,69,152,2025-10-29,2025-11-12,2025-11-18
1666,29,969,2025-07-27,2025-08-10,2025-08-04
1667,27,389,2024-05-16,2024-05-30,2024-05-27
1668,7,81,2024-07-01,2024-07-15,2024-07-15
1669,64,652,2024-05-09,2024-05-23,2024-05-15
1670,54,358,2025-11-18,2025-12-02,2025-11-29
1671,34,238,2025-02-23,2025-03-09,2025-02-25
1672,25,213,2025-03-10,2025-03-24,2025-03-12
1673,15,253,2024-03-12,2024-03-26,2024-04-01
1674,93,545,2025-01-02,2025-01-16,2025-01-11
1675,20,775,2024-12-25,2025-01-08,2025-01-13
1676,45,729,2024-01-20,2024-02-03,2024-02-08
1677,68,309,2025-06-06,2025-06-20,
1678,75,541,2024-03-11,2024-03-25,2024-03-30
1679,43,410,2024-06-20,2024-07-04,2024-07-02
1680,8,997,2025-04-11,2025-04-25,2025-04-21
1681,91,963,2025-04-11,2025-04-25,2025-04-16
1682,22,68,2025-11-08,2025-11-22,2025-11-24
1683,61,188,2024-07-04,2024-07-18,2024-07-20
1684,59,516,2025-02-04,2025-02-18,2025-02-13
1685,4,177,2024-10-28,2024-11-11,2024-11-13
1686,97,724,2025-04-08,2025-04-22,2025-04-12
1687,40,694,2025-07-07,2025-07-21,
1688,59,958,2025-11-08,2025-11-22,2025-11-27
1689,28,147,2025-07-25,2025-08-08,2025-08-13
1690,7,175,2024-11-03,2024-11-17,2024-11-10
1691,41,781,2025-02-11,2025-02-25,
1692,88,628,2025-07-15,2025-07-29,2025-08-01
1693,85,779,2025-10-04,2025-10-18,2025-10-23
1694,15,770,2024-02-20,2024-03-05,2024-02-27
1695,48,718,2025-07-24,2025-08-07,
1696,76,387,2024-06-05,2024-06-19,2024-06-23
1697,26,377,2025-06-14,2025-06-28,2025-06-20
1698,76,565,2025-02-15,2025-03-01,2025-02-25
1699,30,106,2025-09-15,2025-09-29,2025-09-23
1700,94,414,2025-01-28,2025-02-11,2025-02-12
1701,32,788,2024-03-06,2024-03-20,2024-03-13
1702,26,620,2024-04-24,2024-05-08,2024-05-06
1703,16,304,2025-10-15,2025-10-29,2025-10-23
1704,91,733,2025-04-16,2025-04-30,2025-05-01
1705,75,326,2025-08-09,2025-08-23,
1706,28,879,2024-11-29,2024-12-13,2024-12-05
1707,8,141,2024-07-16,2024-07-30,2024-07-21
1708,28,93,2025-09-26,2025-10-10,2025-10-07
1709,7,881,2024-07-20,2024-08-03,2024-08-05
1710,35,703,2024-03-30,2024-04-13,2024-04-19
1711,13,194,2024-03-10,2024-03-24,2024-03-29
1712,30,836,2025-08-25,2025-09-08,2025-09-07
1713,73,401,2024-05-14,2024-05-28,2024-05-30
1714,35,714,2024-07-21,2024-08-04,2024-07-27
1715,51,413,2025-04-26,2025-05-10,2025-05-14
1716,100,414,2025-04-12,2025-04-26,2025-04-28
1717,38,470,2024-04-17,2024-05-01,2024-04-26
1718,77,692,2025-11-28,2025-12-12,2025-12-04
1719,30,824,2025-06-28,2025-07-12,2025-07-12
1720,88,81,2025-12-16,2025-12-30,2025-12-23
1721,45,171,2025-02-17,2025-03-03,2025-02-26
1722,52,749,2025-05-25,2025-06-08,2025-06-03
1723,21,519,2024-12-18,2025-01-01,2024-12-29
1724,63,772,2024-02-25,2024-03-10,2024-03-16
1725,60,681,2024-11-02,2024-11-16,
1726,71,717,2025-11-04,2025-11-18,2025-11-09
1727,93,508,2025-07-09,2025-07-23,2025-07-26
1728,50,398,2024-03-26,2024-04-09,2024-04-10
1729,65,936,2024-10-01,2024-10-15,2024-10-10
1730,25,539,2024-02-29,2024-03-14,2024-03-14
1731,17,91,2024-12-14,2024-12-28,
1732,89,51,2025-08-18,2025-09-01,
1733,82,821,2025-01-14,2025-01-28,2025-01-22
1734,73,856,2025-07-20,2025-08-03,2025-07-25
1735,21,184,2025-08-12,2025-08-26,2025-08-19
1736,37,667,2025-09-19,2025-10-03,2025-10-03
1737,54,604,2024-11-26,2024-12-10,2024-12-11
1738,20,974,2024-07-10,2024-07-24,2024-07-21
1739,63,803,2024-01-27,2024-02-10,2024-02-13
1740,6,218,2024-06-07,2024-06-21,2024-06-14
1741,95,27,2025-01-22,2025-02-05,2025-02-05
1742,6,256,2025-06-21,2025-07-05,
1743,66,701,2024-12-09,2024-12-23,2024-12-23
1744,93,535,2025-08-28,2025-09-11,2025-09-10
1745,15,153,2025-07-24,2025-08-07,2025-08-01
1746,75,988,2025-04-15,2025-04-29,2025-04-18
1747,87,693,2024-04-21,2024-05-05,2024-04-25
1748,30,665,2024-01-10,2024-01-24,2024-01-23
1749,31,320,2024-09-15,2024-09-29,2024-09-16
1750,47,770,2024-02-14,2024-02-28,
1751,32,829,2024-01-11,2024-01-25,2024-01-25
1752,7,534,2024-12-28,2025-01-11,2025-01-08
1753,66,472,2024-04-25,2024-05-09,2024-04-28
1754,80,375,2025-12-30,2026-01-13,2026-01-05
1755,22,704,2025-11-16,2025-11-30,
1756,68,288,2025-11-10,2025-11-24,
1757,45,68,2025-04-24,2025-05-08,2025-04-27
1758,32,172,2025-07-24,2025-08-07,2025-07-28
1759,32,525,2025-08-23,2025-09-06,2025-09-07
1760,74,276,2024-08-11,2024-08-25,
1761,99,880,2024-03-08,2024-03-22,2024-03-12
1762,23,730,2024-12-12,2024-12-26,2024-12-22
1763,44,101,2024-12-31,2025-01-14,
1764,73,785,2025-06-19,2025-07-03,
1765,78,432,2025-02-10,2025-02-24,2025-02-12
1766,48,582,2024-07-07,2024-07-21,
1767,33,220,2024-12-14,2024-12-28,2024-12-29
1768,78,655,2024-06-29,2024-07-13,2024-07-07
1769,24,381,2025-05-22,2025-06-05,
1770,76,23,2024-09-11,2024-09-25,2024-09-29
1771,76,251,2025-02-15,2025-03-01,2025-02-28
1772,55,65,2025-03-17,2025-03-31,2025-03-20
1773,29,543,2024-04-26,2024-05-10,2024-04-30
1774,70,289,2025-08-22,2025-09-05,2025-08-24
1775,29,54,2025-01-25,2025-02-08,
1776,12,522,2025-11-04,2025-11-18,
1777,39,952,2025-08-18,2025-09-01,
1778,15,255,2024-07-12,2024-07-26,2024-07-28
1779,15,782,2025-01-05,2025-01-19,
1780,24,783,2024-12-27,2025-01-10,
1781,16,142,2024-11-06,2024-11-20,2024-11-08
1782,94,631,2024-10-27,2024-11-10,
1783,10,444,2024-02-11,2024-02-25,2024-02-28
1784,44,559,2025-01-19,2025-02-02,2025-01-30
1785,39,213,2024-08-12,2024-08-26,2024-08-24
1786,72,480,2025-07-17,2025-07-31,2025-07-27
1787,81,251,2025-08-08,2025-08-22,2025-08-09
1788,55,565,2025-01-29,2025-02-12,2025-02-14
1789,5,61,2025-09-13,2025-09-27,2025-09-18
1790,42,369,2024-10-18,2024-11-01,2024-10-20
1791,15,556,2024-06-29,2024-07-13,2024-07-01
1792,3,566,2025-02-22,2025-03-08,2025-03-01
1793,77,99,2025-06-11,2025-06-25,2025-06-30
1794,62,845,2024-06-19,2024-07-03,2024-07-04
1795,69,731,2025-04-16,2025-04-30,
1796,92,829,2024-07-06,2024-07-20,
1797,96,167,2025-07-29,2025-08-12,2025-07-31
1798,59,630,2024-06-06,2024-06-20,2024-06-24
1799,43,78,2024-09-07,2024-09-21,
1800,25,776,2025-07-08,2025-07-22,2025-07-09
1801,50,674,2025-11-01,2025-11-15,2025-11-18
1802,49,352,2025-06-12,2025-06-26,2025-06-13
1803,89,988,2024-09-13,2024-09-27,2024-09-23
1804,26,935,2024-08-13,2024-08-27,2024-08-28
1805,10,410,2025-05-19,2025-06-02,2025-05-24
1806,40,900,2024-04-15,2024-04-29,2024-04-26
1807,82,735,2025-05-18,2025-06-01,2025-06-04
1808,66,725,2024-10-08,2024-10-22,
1809,76,840,2025-07-01,2025-07-15,2025-07-06
1810,68,533,2025-09-23,2025-10-07,2025-10-03
1811,15,959,2024-09-06,2024-09-20,2024-09-13
1812,29,820,2024-05-21,2024-06-04,2024-06-06
1813,80,749,2024-08-11,2024-08-25,2024-08-20
1814,36,684,2025-06-03,2025-06-17,2025-06-14
1815,20,273,2025-09-22,2025-10-06,
1816,49,999,2025-08-05,2025-08-19,2025-08-08
1817,16,582,2024-09-26,2024-10-10,2024-10-09
1818,66,526,2024-08-18,2024-09-01,2024-08-28
1819,14,757,2024-03-11,2024-03-25,2024-03-25
1820,28,430,2024-11-14,2024-11-28,2024-11-28
1821,19,777,2025-03-08,2025-03-22,2025-03-20
1822,97,50,2024-11-25,2024-12-09,2024-12-03
1823,56,954,2024-08-18,2024-09-01,2024-08-25
1824,65,413,2025-02-13,2025-02-27,2025-02-21
1825,99,733,2024-07-20,2024-08-03,
1826,69,56,2024-12-17,2024-12-31,2025-01-02
1827,47,931,2024-10-16,2024-10-30,2024-10-21
1828,73,840,2024-12-30,2025-01-13,2025-01-12
1829,50,652,2025-10-21,2025-11-04,
1830,36,609,2024-02-20,2024-03-05,2024-02-25
1831,24,50,2024-09-03,2024-09-17,2024-09-17
1832,26,217,2024-07-10,2024-07-24,
1833,92,111,2024-02-27,2024-03-12,
1834,79,335,2025-02-22,2025-03-08,2025-03-10
1835,31,98,2025-06-15,2025-06-29,2025-06-17
1836,39,65,2025-06-14,2025-06-28,2025-06-27
1837,16,949,2025-04-16,2025-04-30,2025-05-06
1838,3,87,2025-09-03,2025-09-17,2025-09-14
1839,80,73,2024-07-20,2024-08-03,2024-08-07
1840,84,163,2025-07-29,2025-08-12,
1841,10,839,2025-03-31,2025-04-14,
1842,92,866,2025-06-15,2025-06-29,2025-06-27
1843,75,921,2025-09-06,2025-09-20,2025-09-09
1844,61,350,2025-01-02,2025-01-16,2025-01-14
1845,28,807,2025-11-21,2025-12-05,2025-11-27
1846,32,793,2025-10-30,2025-11-13,2025-11-14
1847,48,387,2024-08-07,2024-08-21,2024-08-13
1848,52,82,2024-08-07,2024-08-21,2024-08-16
1849,75,382,2025-02-11,2025-02-25,
1850,2,458,2024-03-16,2024-03-30,2024-03-26
1851,10,544,2024-02-06,2024-02-20,2024-02-17
1852,12,468,2025-02-12,2025-02-26,2025-02-14
1853,40,776,2024-10-01,2024-10-15,2024-10-21
1854,47,734,2024-10-23,2024-11-06,2024-10-24
1855,73,174,2024-08-13,2024-08-27,2024-08-20
1856,32,665,2025-06-08,2025-06-22,2025-06-13
1857,66,957,2025-03-30,2025-04-13,
1858,67,846,2024-08-06,2024-08-20,
1859,67,387,2024-09-02,2024-09-16,2024-09-08
1860,67,888,2024-08-25,2024-09-08,2024-08-31
1861,16,828,2024-05-20,2024-06-03,2024-06-02
1862,42,911,2024-08-26,2024-09-09,2024-09-14
1863,96,454,2026-01-01,2026-01-15,2026-01-21
1864,44,241,2025-08-16,2025-08-30,2025-08-30
1865,86,355,2025-10-24,2025-11-07,2025-11-05
1866,98,976,2025-02-07,2025-02-21,2025-02-22
1867,80,757,2025-09-17,2025-10-01,2025-09-22
1868,62,150,2025-02-26,2025-03-12,2025-03-12
1869,70,182,2025-02-24,2025-03-10,
1870,29,646,2024-07-01,2024-07-15,2024-07-18
1871,87,554,2025-03-01,2025-03-15,2025-03-09
1872,52,606,2025-01-10,2025-01-24,2025-01-26
1873,30,506,2025-11-23,2025-12-07,2025-12-10
1874,19,931,2025-06-07,2025-06-21,2025-06-23
1875,97,775,2025-01-12,2025-01-26,
1876,28,678,2025-05-29,2025-06-12,2025-06-12
1877,36,449,2024-07-03,2024-07-17,2024-07-13
1878,71,846,2025-07-29,2025-08-12,2025-08-12
1879,43,797,2025-06-03,2025-06-17,
1880,14,370,2024-10-01,2024-10-15,
1881,45,735,2025-03-26,2025-04-09,2025-04-11
1882,55,13,2025-04-08,2025-04-22,2025-04-27
1883,85,162,2024-02-17,2024-03-02,2024-02-22
1884,64,213,2025-03-25,2025-04-08,2025-03-29
1885,69,913,2025-07-30,2025-08-13,2025-08-11
1886,40,855,2024-08-20,2024-09-03,2024-09-04
1887,96,208,2024-08-22,2024-09-05,2024-09-09
1888,74,202,2025-08-01,2025-08-15,
1889,67,332,2025-08-28,2025-09-11,2025-09-15
1890,31,676,2025-05-13,2025-05-27,
1891,97,283,2025-04-24,2025-05-08,2025-05-01
1892,46,663,2025-08-23,2025-09-06,2025-08-25
1893,92,615,2024-09-18,2024-10-02,2024-09-25
1894,57,14,2024-01-29,2024-02-12,
1895,76,28,2025-10-16,2025-10-30,2025-11-05
1896,2,640,2025-07-06,2025-07-20,2025-07-17
1897,46,308,2025-04-20,2025-05-04,2025-04-25
1898,37,293,2025-08-02,2025-08-16,
1899,59,640,2025-05-20,2025-06-03,2025-05-21
1900,37,78,2025-07-07,2025-07-21,2025-07-21
1901,64,981,2025-09-29,2025-10-13,2025-10-17
1902,9,664,2025-04-27,2025-05-11,2025-05-05
1903,90,427,2025-12-25,2026-01-08,2026-01-06
1904,17,610,2024-11-09,2024-11-23,2024-11-19
1905,64,94,2024-01-07,2024-01-21,2024-01-16
1906,92,540,2025-06-05,2025-06-19,2025-06-09
1907,6,838,2024-10-27,2024-11-10,
1908,6,885,2025-04-21,2025-05-05,2025-05-09
1909,97,463,2025-04-07,2025-04-21,2025-04-27
1910,58,314,2024-04-12,2024-04-26,2024-04-25
1911,14,851,2025-10-04,2025-10-18,2025-10-18
1912,75,37,2025-11-11,2025-11-25,2025-11-18
1913,55,628,2025-02-07,2025-02-21,2025-02-14
1914,3,71,2025-06-22,2025-07-06,2025-06-24
1915,66,101,2025-01-24,2025-02-07,2025-02-06
1916,1,74,2024-07-16,2024-07-30,2024-07-23
1917,100,891,2025-12-10,2025-12-24,2025-12-13
1918,54,182,2024-03-30,2024-04-13,2024-04-15
1919,60,238,2025-05-12,2025-05-26,
1920,33,26,2024-03-31,2024-04-14,2024-04-17
1921,91,756,2024-06-02,2024-06-16,2024-06-21
1922,27,753,2024-06-23,2024-07-07,
1923,68,650,2024-12-24,2025-01-07,2024-12-31
1924,76,228,2024-12-06,2024-12-20,2024-12-08
1925,54,629,2024-03-02,2024-03-16,
1926,44,310,2025-06-22,2025-07-06,2025-07-03
1927,77,303,2024-08-29,2024-09-12,
1928,80,717,2024-06-24,2024-07-08,2024-07-05
1929,16,391,2024-10-19,2024-11-02,2024-11-03
1930,6,822,2024-09-21,2024-10-05,2024-10-07
1931,51,393,2024-05-18,2024-06-01,2024-05-22
1932,63,136,2024-07-19,2024-08-02,2024-08-04
1933,51,236,2024-10-06,2024-10-20,2024-10-21
1934,1,629,2024-11-07,2024-11-21,2024-11-13
1935,46,498,2025-02-10,2025-02-24,2025-03-01
1936,91,908,2024-04-23,2024-05-07,
1937,17,155,2025-06-16,2025-06-30,2025-06-22
1938,32,983,2025-09-20,2025-10-04,2025-10-10
1939,71,413,2024-05-15,2024-05-29,
1940,95,712,2025-11-15,2025-11-29,2025-11-21
1941,9,463,2024-08-09,2024-08-23,2024-08-28
1942,68,934,2024-10-13,2024-10-27,2024-10-18
1943,45,25,2025-01-11,2025-01-25,2025-01-20
1944,22,930,2024-09-06,2024-09-20,2024-09-10
1945,65,166,2024-12-17,2024-12-31,2024-12-28
1946,16,786,2025-03-04,2025-03-18,2025-03-18
1947,88,219,2025-01-17,2025-01-31,2025-01-18
1948,65,48,2024-06-21,2024-07-05,2024-07-03
1949,33,351,2025-08-30,2025-09-13,
1950,61,76,2024-07-02,2024-07-16,2024-07-04
1951,31,985,2025-02-22,2025-03-08,2025-03-06
1952,92,792,2024-06-05,2024-06-19,2024-06-14
1953,14,556,2025-04-30,2025-05-14,2025-05-15
1954,52,653,2025-07-03,2025-07-17,2025-07-21
1955,45,304,2024-12-17,2024-12-31,2024-12-31
1956,46,483,2025-03-31,2025-04-14,2025-04-09
1957,33,839,2025-11-13,2025-11-27,
1958,77,651,2025-05-16,2025-05-30,2025-05-29
1959,49,215,2025-01-24,2025-02-07,2025-02-03
1960,52,256,2025-02-20,2025-03-06,2025-03-09
1961,16,424,2025-07-24,2025-08-07,2025-08-08
1962,94,648,2025-08-28,2025-09-11,2025-09-08
1963,50,149,2024-10-28,2024-11-11,2024-11-12
1964,22,648,2024-09-21,2024-10-05,2024-10-07
1965,39,172,2025-03-28,2025-04-11,2025-04-05
1966,40,873,2025-10-28,2025-11-11,2025-11-01
1967,24,821,2025-03-28,2025-04-11,2025-04-01
1968,32,821,2025-07-30,2025-08-13,2025-08-19
1969,58,631,2025-10-03,2025-10-17,2025-10-05
1970,69,355,2024-04-23,2024-05-07,2024-05-12
1971,87,386,2025-02-22,2025-03-08,2025-03-09
1972,84,656,2025-09-10,2025-09-24,2025-09-18
1973,38,978,2025-07-04,2025-07-18,2025-07-22
1974,76,873,2024-02-14,2024-02-28,2024-02-18
1975,26,555,2024-04-14,2024-04-28,
1976,78,158,2024-11-28,2024-12-12,2024-12-11
1977,66,821,2024-08-27,2024-09-10,2024-09-09
1978,63,20,2025-12-19,2026-01-02,2025-12-27
1979,84,907,2025-05-25,2025-06-08,2025-05-28
1980,38,831,2025-07-25,2025-08-08,2025-08-03
1981,22,634,2024-02-22,2024-03-07,2024-03-01
1982,58,712,2025-08-29,2025-09-12,2025-09-17
1983,88,127,2025-08-31,2025-09-14,2025-09-10
1984,83,837,2025-04-05,2025-04-19,2025-04-22
1985,58,506,2024-02-14,2024-02-28,
1986,60,567,2025-08-28,2025-09-11,2025-09-07
1987,32,79,2024-08-08,2024-08-22,2024-08-24
1988,59,600,2025-06-12,2025-06-26,
1989,58,767,2024-12-05,2024-12-19,2024-12-14
1990,61,167,2025-08-10,2025-08-24,2025-08-12
1991,84,909,2025-05-13,2025-05-27,2025-05-16
1992,56,140,2025-08-06,2025-08-20,
1993,69,641,2024-02-09,2024-02-23,2024-02-27
1994,45,27,2025-10-07,2025-10-21,
1995,88,314,2024-12-31,2025-01-14,2025-01-10
1996,29,617,2025-04-23,2025-05-07,2025-05-06
1997,19,150,2024-05-02,2024-05-16,2024-05-06
1998,62,865,2025-09-13,2025-09-27,
1999,44,336,2024-02-08,2024-02-22,2024-02-28
2000,51,685,2025-01-31,2025-02-14,2025-02-01
